image_id,class_id,x_min,y_min,x_max,y_max
IMG_2225_jpg.rf.cbea3a2347acba1ece9e5a1c776f3597.jpg,0,226,301,462,526
IMG_2229_jpg.rf.a0ba4673f15627e86bba7e112656b704.jpg,0,163,176,373,430
20251028_170251_jpg.rf.90f15224de8d979e8c18786afc4aa96f.jpg,0,113,228,222,290
20251027_170549_jpg.rf.a2162d559c5e6f1c080d67ae647c45b1.jpg,0,39,144,188,285
20251027_170549_jpg.rf.a2162d559c5e6f1c080d67ae647c45b1.jpg,0,61,40,166,118
IMG_20251024_161633_jpg.rf.2685a0f5a94d8f72e95628757c393a32.jpg,0,41,121,227,394
20251029_124921_jpg.rf.3d2662539a6f9a749712fb691c1189cd.jpg,0,145,161,266,235
20251027_170130_jpg.rf.03ce2ef75a7dea05c1bec1648b867ad6.jpg,0,233,117,396,260
20251027_170130_jpg.rf.03ce2ef75a7dea05c1bec1648b867ad6.jpg,0,27,64,137,140
20251029_124904_jpg.rf.1ec85c70887888c1e9b33089153308b8.jpg,0,47,95,265,242
20251022_152957_jpg.rf.f5281aae3c3c362de561f81192dafe9d.jpg,0,115,0,406,316
20251028_161230_jpg.rf.542b54576cba34a75d3c535db0b029a7.jpg,0,72,189,419,429
IMG_2309_jpg.rf.f6758ff1197bb227618a6541a5c6284e.jpg,0,172,281,367,468
20251022_151928_jpg.rf.9a905b1ee643b079d962ac9e5e91fd69.jpg,0,201,92,332,240
IMG_20251027_172312_jpg.rf.440bdd61338f23398790f821656b58b5.jpg,0,88,179,198,261
IMG_5895_JPG.rf.dc8e8a8c78e3412a7acccd067ce76c47.jpg,0,26,150,404,352
IMG_5895_JPG.rf.dc8e8a8c78e3412a7acccd067ce76c47.jpg,0,401,141,479,241
IMG_5856_JPG.rf.3706509c2d3ad2fdae12c8bfbe25b704.jpg,0,149,156,397,331
IMG_2705_jpg.rf.fa8d5b9487977766195c28b6701e5ec2.jpg,0,185,250,297,413
IMG_2210_jpg.rf.22a30677916ad01c49055662f2693718.jpg,0,203,187,445,474
IMG_0886_jpg.rf.a244caf464394a80b8c469171b7c6a67.jpg,0,173,176,464,383
20251027_171326_jpg.rf.cfea6c8e72aed099bc9d98261d6cb7c6.jpg,0,140,76,262,200
IMG_20251027_170136_jpg.rf.ace18054122aa09640aa660b9e9712f8.jpg,0,59,110,220,225
IMG_20251024_161251_jpg.rf.04173f39e4343426d024bda536ec90e5.jpg,0,0,139,247,464
20251027_171230_jpg.rf.c23f571af2b86a92ec58b7e171bb6bab.jpg,0,180,147,321,305
IMG_1037_jpg.rf.49d2d5b4e0711ae4bb8ec5137fb82094.jpg,0,79,243,183,312
20251029_091110_jpg.rf.8ef61c910bd7eddef4d8f017ea7525ae.jpg,0,75,143,479,527
20251029_124829_jpg.rf.15a915d7f824aa8dec5651dd700dafee.jpg,0,37,194,156,261
IMG_2218_jpg.rf.f9ff68be48b2079494d143fa4158233c.jpg,0,209,114,422,352
IMG_20251024_162028_jpg.rf.be0d38c21645479e53746b8b5eae0860.jpg,0,52,147,273,435
IMG_3192_jpg.rf.ef85517f198907074e3e89fd7d1396b0.jpg,0,22,297,131,384
IMG_1767_jpg.rf.c070e639f9bda4e419427e69d2bc9d7e.jpg,0,146,58,197,110
IMG_2378_jpg.rf.e32313cca16630f5375b00dbd7e844a6.jpg,0,226,281,290,339
IMG_5917_JPG.rf.67321e0a37715e8b5187b19a89224312.jpg,0,266,162,361,227
20251029_090721_jpg.rf.d54870c2b1ef5a4a131f253b9a3416dc.jpg,0,163,265,277,332
IMG_20251024_162445_jpg.rf.2acf304a42f95e7bed7367bc45f1bda0.jpg,0,89,152,234,343
IMG_5814_JPG.rf.4a23bc326ca18772674021435cb90a3f.jpg,0,187,96,306,210
IMG_5814_JPG.rf.4a23bc326ca18772674021435cb90a3f.jpg,0,202,27,264,87
20251022_151901_jpg.rf.a1da782905a108598ebd307ef073ff14.jpg,0,91,84,394,410
IMG_1788_jpg.rf.637b29eda475b90869a9810ab2aa6708.jpg,0,234,165,300,252
IMG_1788_jpg.rf.637b29eda475b90869a9810ab2aa6708.jpg,0,182,126,234,189
IMG_3237_jpg.rf.ccb8177754810420dba41a9be94c8109.jpg,0,57,256,96,280
20251027_164522-0-_jpg.rf.6c1b406ca5b89c8a7c03019a865e4d0b.jpg,0,125,211,406,486
20251022_153207_jpg.rf.13d3b26a15d581a1c0c6e3ec9510657b.jpg,0,259,40,418,220
IMG_5800_JPG.rf.29ccaf6e395c70a4a650f64774b8e472.jpg,0,143,65,333,270
IMG_2516_jpg.rf.b18d83ea72e63b7568bdaa3879b07294.jpg,0,212,243,327,379
20251027_170127_jpg.rf.8e6d973a16732877445624f5215f8c65.jpg,0,174,106,297,211
IMG_20251024_170350_jpg.rf.b9378878f686b9defcebf88c5ea30f2f.jpg,0,32,125,270,430
20251028_165446_jpg.rf.769a916fbce8bb10321f48fc8102ae9a.jpg,0,199,139,338,208
20251027_162739_jpg.rf.aec5ff1383430c672d70ae0d6368d4b9.jpg,0,100,62,453,447
IMG_1701_jpg.rf.f7715d8e4aa854e5a04aeca167956a04.jpg,0,185,243,311,423
20251023_152613_jpg.rf.55bfa55ed4e4fa553661397b37615e83.jpg,0,148,334,480,639
IMG_2462_jpg.rf.88a1e2e6970f7daf50a040d4d703ad18.jpg,0,192,280,294,412
IMG_2462_jpg.rf.88a1e2e6970f7daf50a040d4d703ad18.jpg,0,218,188,288,266
20251029_124146_jpg.rf.6d788cb694820889dd2ea32197dd43b5.jpg,0,44,155,214,312
IMG_2336_jpg.rf.ddc6d409ca81e0e38c48991f8fe9f8ad.jpg,0,89,183,178,275
IMG_2266_jpg.rf.7d50bf335dd4a60eed7c66d1fa0d58ff.jpg,0,113,208,405,491
20251029_124933_jpg.rf.1949e68009245af34c7de08845cdf759.jpg,0,146,179,244,254
IMG_2274_jpg.rf.bab0acf58b9d9b9e62f7ccf297b58dc9.jpg,0,143,149,482,498
20251028_160813-0-_jpg.rf.a641a4d9270d7373a4df02cb0aa3b4ab.jpg,0,141,140,388,333
IMG_2235_jpg.rf.014ea4cd1c68da756c13933c652bfe2d.jpg,0,171,168,449,526
IMG_2235_jpg.rf.014ea4cd1c68da756c13933c652bfe2d.jpg,0,50,0,249,147
IMG_2392_jpg.rf.ddee8f84c18269771d157021de972587.jpg,0,123,314,290,570
Screenshot-2025-10-24-144737_png.rf.cacb95b7b196bc516964947ec33699cf.jpg,0,52,68,591,554
Screenshot-2025-10-24-145027_png.rf.7b44f5fc7ccd390febf455ce748a154a.jpg,0,100,33,620,506
IMG_5824_JPG.rf.1586af852878518b2745af1844251125.jpg,0,149,127,347,317
IMG_2423_jpg.rf.15468fe3b01c6bf6557c5a8ad2c3247e.jpg,0,244,82,299,130
IMG_0848_jpg.rf.ce0c6f12b0c3f9ee678c17984e7fd08c.jpg,0,163,260,259,330
IMG_20251028_163016_jpg.rf.8a73a3e2bb425d284f32043bc0e46209.jpg,0,191,158,238,185
IMG_20251024_165555_jpg.rf.8110cfddb9f8d4e359c426ae9a4a5b55.jpg,0,49,134,241,361
IMG_2606_jpg.rf.c6e23e649cfa28f8a4b45744914f9b03.jpg,0,255,208,315,255
20251029_122411_jpg.rf.3148c5bc8ff19f0aaa568b29cf6b9717.jpg,0,214,247,352,323
IMG_20251027_165420_jpg.rf.57b48109fd5d5e13dca53e9098036e0e.jpg,0,0,92,146,202
IMG_2546_jpg.rf.b49d4cbfa8621324f27e6adf926e067c.jpg,0,201,208,272,303
IMG_20251027_170233_jpg.rf.3c820b522d01a1923aae6848e9260f1d.jpg,0,119,91,283,202
IMG_2881_jpg.rf.a89dc32bbb555d6f2521c80ed35c5628.jpg,0,118,31,201,129
IMG_2356_jpg.rf.60babcd045aa01537c144bf1b1c0d9ff.jpg,0,147,232,217,295
20251029_090512_jpg.rf.af25f25d1db84cad32cd502b98574146.jpg,0,142,268,284,365
IMG_2453_jpg.rf.8d339f52e544c05ac06b34a59371cb0a.jpg,0,193,333,333,462
IMG_2720_jpg.rf.b2ee9f2838d43a6765048c639e402029.jpg,0,379,209,427,250
20251029_123758_jpg.rf.b190f11652cc0e64bd6e17cf5954f2be.jpg,0,61,153,206,271
20251029_124818_jpg.rf.6836e7dd5b6e69e42adc970eb8a69c82.jpg,0,33,96,401,363
20251027_163842_jpg.rf.d8655e44baed7b828d18ab1f04cd649a.jpg,0,128,125,336,403
20251028_165550_jpg.rf.eb9f79a8b1398d69f27727460e92de3a.jpg,0,109,208,207,264
IMG_2395_jpg.rf.ebd2f1a3a94122cce9aea94ec3444d75.jpg,0,66,181,151,263
IMG_2395_jpg.rf.ebd2f1a3a94122cce9aea94ec3444d75.jpg,0,180,119,242,167
20251027_172140_jpg.rf.a572a5b4264ac76626a4b383ef129adb.jpg,0,76,154,259,360
IMG_1733_jpg.rf.01647b6bdf6908a76b3f44330fadd1b5.jpg,0,125,69,410,255
IMG_20251024_170829_jpg.rf.fb0374539f96a600badd3cdacaf4132c.jpg,0,19,196,271,548
z7166660463961_7ae3e46d7314ed68fa2f6b7107736cd5_jpg.rf.d5cab01982b8f087a5e62a1b34928747.jpg,0,75,333,418,560
20251027_171441_jpg.rf.ba12b7a30944c36caf24c752652404e5.jpg,0,176,227,352,415
20251029_124317_jpg.rf.5d492443e24a8d3a296613cd8213721b.jpg,0,45,110,315,286
20251029_091245_jpg.rf.5d3110e50b2aa9a58cfc420ac9a81dca.jpg,0,257,280,342,327
20251029_125817_jpg.rf.109cb8fd23913b8702fbbe286f2090f0.jpg,0,135,229,310,322
Screenshot-2025-10-24-152021_png.rf.6d751451466ce488671dbc02e0f94800.jpg,0,19,18,475,616
IMG_1030_jpg.rf.335abb0955d05092f2de6d00886347db.jpg,0,54,211,284,354
IMG_20251027_171118_jpg.rf.b01a792a1ea1606fca68960e50003234.jpg,0,201,92,338,190
IMG_20251027_171118_jpg.rf.b01a792a1ea1606fca68960e50003234.jpg,0,22,63,97,127
IMG_20251024_163737_jpg.rf.48e9f8e71927200b96bbecae47038183.jpg,0,15,119,261,499
20251022_152537_jpg.rf.e5fb6f638b6a1efa2dfb2e59f5e37bad.jpg,0,203,76,446,312
IMG_2723_jpg.rf.8852197fcf5f60788bae22c21c22a295.jpg,0,89,365,261,571
IMG_20251027_165625_jpg.rf.db4d40c237740e0da02cb6e013487e23.jpg,0,259,128,452,251
IMG_20251027_165625_jpg.rf.db4d40c237740e0da02cb6e013487e23.jpg,0,123,97,254,190
IMG_2862_jpg.rf.d869a88823480519b77dc5301c37b450.jpg,0,0,58,136,235
IMG_5832_JPG.rf.ff6eeca9a4146c07fbe2b78ebda5eb09.jpg,0,148,211,220,256
IMG_1743_jpg.rf.7acae59a0e4b76cf84537207a5ba127e.jpg,0,62,195,268,378
20251027_170610-0-_jpg.rf.6cd9e27d0b18839bc39766d86c248ec0.jpg,0,96,134,228,239
20251027_170613_jpg.rf.cd3a5dfc2147ef3c1d71c66788306ac7.jpg,0,185,117,383,259
IMG_20251024_164703_jpg.rf.8e4d19089ac8e53c76dc1ccbe66831db.jpg,0,82,122,274,345
IMG_2280_jpg.rf.566762290c064416ac0cf04c8718a3fd.jpg,0,159,59,436,417
20251022_151929_jpg.rf.6b939a1438eb8a86345eced9bc33e0ae.jpg,0,194,70,352,277
Screenshot-2025-10-24-144322_png.rf.0ce2477dfc64fbdfca409769223a4d43.jpg,0,27,57,470,563
IMG_1265_jpg.rf.ecabdcc0a458d3f288f629fcd180414e.jpg,0,133,235,292,351
IMG_3286_jpg.rf.b6cd6741b668cd2994678d58d0787070.jpg,0,34,304,332,440
20251029_124705_jpg.rf.c5e8c74d6087945a02a9c045eeb4f00b.jpg,0,103,143,263,229
20251029_122918_jpg.rf.86c87edcb4f03ace22d4c5508b77fd2f.jpg,0,133,191,350,322
IMG_20251028_160815_jpg.rf.2ce77be9b196f611ccf2db7e9554da8b.jpg,0,65,156,272,261
20251029_125255_jpg.rf.a9782188e19e4e71b667776fc8a85e14.jpg,0,159,158,414,316
Screenshot-2025-10-24-144938_png.rf.29f6528b9b9fa31fdc9fc36f5d584f40.jpg,0,43,117,544,583
IMG_2550_jpg.rf.56bcde5704e96a32d54f81da0971db3d.jpg,0,169,319,279,489
IMG_2550_jpg.rf.56bcde5704e96a32d54f81da0971db3d.jpg,0,232,219,305,305
20251028_171131_jpg.rf.35b30f4f807276fa8e3670150c3ebd08.jpg,0,23,167,434,540
IMG_5909_JPG.rf.c6e58eae834bb38dda43ba61894ce793.jpg,0,73,211,198,298
IMG_5909_JPG.rf.c6e58eae834bb38dda43ba61894ce793.jpg,0,402,67,451,107
IMG_20251024_165425_jpg.rf.6d78a04c9621ed0a2d056af8d689cb81.jpg,0,61,72,268,331
IMG_2620_jpg.rf.bbe2ba837bff295b8f6c11283f2f20b7.jpg,0,169,314,283,479
571645088_2708249002840675_7040928980175689231_n_jpg.rf.3e0873e6af14ee337c0d8b6e5e97b0c4.jpg,0,125,142,562,388
20251029_124502_jpg.rf.5e00adb3ad8162f0251c8a313cd0d81a.jpg,0,135,116,368,241
IMG_20251027_172328_jpg.rf.e13bc4c3a150fb3c1dd8bd78c74c62b7.jpg,0,276,138,450,227
IMG_20251027_172328_jpg.rf.e13bc4c3a150fb3c1dd8bd78c74c62b7.jpg,0,78,170,193,254
IMG_2616_jpg.rf.c4c00c65bb00fd665a75e93edbb2c6c1.jpg,0,204,239,316,356
20251029_125318_jpg.rf.46322f370343eb1c0fe1db963652b157.jpg,0,109,219,359,359
IMG_2709_jpg.rf.7c0aac6465cd5f0f857ed8ae8dd860b8.jpg,0,253,177,326,235
20251023_154744_jpg.rf.4b2053f07a89772ef0fd88bc9ec2043d.jpg,0,331,33,479,222
20251028_163536_jpg.rf.48eee24f7c7e8a4ccbaaa027ea1246a0.jpg,0,229,222,381,428
20251028_170628_jpg.rf.d0d3a7e5c2b6a6c05c7c9e6492711a12.jpg,0,124,300,198,346
20251029_125507_jpg.rf.c8d476af9cd7d3f07182ba884bec75b9.jpg,0,0,199,141,327
IMG_2261_jpg.rf.cc089266d696b3dd539364471fd7dfc5.jpg,0,141,251,387,472
IMG_20251027_171931_jpg.rf.6cd11398c8187f74440b232e32e0a071.jpg,0,12,147,192,276
20251028_165551_jpg.rf.dfbc7da854d0ede96f16fa04f5804b16.jpg,0,127,198,240,259
IMG_0818_jpg.rf.cef0e7975218f121dddd8a21e3111825.jpg,0,143,235,256,330
IMG_2346_jpg.rf.39732e7505ecb1a94c1f1ab648f33f39.jpg,0,281,221,456,488
IMG_2346_jpg.rf.39732e7505ecb1a94c1f1ab648f33f39.jpg,0,75,84,175,193
20251022_152221_jpg.rf.6d0eceec461644af3093549014713751.jpg,0,181,213,393,365
z7166665387956_3e06dd92f1b6b58d836316ce16f3c0da_jpg.rf.e98222de82dbb1d87be005dfb139bbe4.jpg,0,27,151,583,439
IMG_20251027_170649_jpg.rf.4549db05772db3063b701a623f8c87e5.jpg,0,364,76,515,196
IMG_20251027_164842_jpg.rf.ec9cdf9c8805b5605b70ce253f912be6.jpg,0,131,69,287,181
20251029_125917_jpg.rf.acbf8c8306bd6b10f854f2f806d6b174.jpg,0,31,49,442,352
IMG_1304_jpg.rf.c15c09bad878017c744d374b74721937.jpg,0,140,153,347,346
IMG_5870_JPG.rf.1a380dbf50aa9763f2c59441de996022.jpg,0,106,170,265,273
IMG_5870_JPG.rf.1a380dbf50aa9763f2c59441de996022.jpg,0,0,169,79,230
20251022_151642_jpg.rf.83d8690e09e9aac61f898a2aac516a2e.jpg,0,168,122,430,416
20251028_161317_jpg.rf.0cadde06894cece5dda77400daaa1389.jpg,0,0,167,480,518
20251029_090218_jpg.rf.1a3e52f30ce8c1bc56afd5b996e76b76.jpg,0,162,149,446,397
IMG_0717_jpg.rf.b2461b21d590f2e61aacd4a94b84c5c4.jpg,0,332,260,436,348
20251029_124046_jpg.rf.fea3e762a1f6306d950bf1e2f8d5e9f3.jpg,0,92,239,268,352
IMG_1720_jpg.rf.813a37a31af30e58358183750c4b28aa.jpg,0,64,122,323,317
IMG_20251027_164726_jpg.rf.b2b962e6d3e93eda1d29f9f4fbe00e47.jpg,0,105,159,225,296
IMG_20251027_164726_jpg.rf.b2b962e6d3e93eda1d29f9f4fbe00e47.jpg,0,28,25,116,119
IMG_3340_jpg.rf.91c35ea0e3ea74eed4a9640b8a6d210c.jpg,0,142,277,293,367
IMG_3340_jpg.rf.91c35ea0e3ea74eed4a9640b8a6d210c.jpg,0,32,302,119,368
IMG_2623_jpg.rf.3b22ffb355a2e1c164f5a33fbddf2b88.jpg,0,286,200,326,235
IMG_5898_JPG.rf.4c9fde07928b1f419898bba3c908ba3e.jpg,0,172,198,475,359
IMG_1780_jpg.rf.dda87363dcda40cc296f868be131b1c2.jpg,0,199,61,311,150
IMG_2817_jpg.rf.e2a5b91101c51bd793ccc0df211c62cc.jpg,0,0,156,152,353
IMG_2400_jpg.rf.92c6c039da83942d1c3e334b898e708f.jpg,0,300,308,437,467
20251028_161213_jpg.rf.4ecae348f4b83643f2f0a3d2d8bbe6a0.jpg,0,26,145,423,459
571382140_25685480561053088_6687255353122726513_n_jpg.rf.3ec7418d2eee8b973c330fe62d7f0acf.jpg,0,122,81,589,433
IMG_20251024_163840_jpg.rf.95b742d49f6a47f6951da49f6eb68a39.jpg,0,59,82,237,312
20251028_164521_jpg.rf.32cf6c81987e8492cd46379cee9c6104.jpg,0,162,158,328,253
IMG_20251028_162558_jpg.rf.a8eea72a23b8ecbc6c397d4ec9bb068d.jpg,0,87,138,206,188
IMG_2379_jpg.rf.4483a16e9d090955130a4c68e4facc9e.jpg,0,134,106,287,291
20251029_124450_jpg.rf.fc552a4ce65df36cd04ca515fa947ba7.jpg,0,150,138,498,314
20251027_170928_jpg.rf.3c2da423a7d897065ac3e3831c47186c.jpg,0,193,170,285,280
IMG_5809_JPG.rf.50e95680918acb343e573fde71207b63.jpg,0,210,192,307,311
20251027_172008_jpg.rf.82aadeac60136e97dadb18c9746f9edc.jpg,0,150,224,338,498
20251022_151942_jpg.rf.9c6b82bd9dbcab280254b215567da8f7.jpg,0,268,119,389,258
20251022_152253-0-_jpg.rf.e9632f7cd05b1bfaa6b987d8dd04900b.jpg,0,115,53,356,350
IMG_2220_jpg.rf.92c2c84f6e1d1e4ce7795b2bb8e21a08.jpg,0,198,301,373,447
IMG_2272_jpg.rf.8a06cd0d6420bdb0bacd92f70af4fb88.jpg,0,80,133,426,486
IMG_5799_JPG.rf.64a7c46470ad800fddcd94d68782229f.jpg,0,137,45,339,272
IMG_20251027_164622_jpg.rf.e5d5705e744e2a7aeb060de65d6bc5dc.jpg,0,91,226,172,320
IMG_2658_jpg.rf.f8d22df65937b2e075a66f089afc446e.jpg,0,169,214,201,245
IMG_20251024_161152_jpg.rf.2a07b5cba62b5e875f4cb372da6b37f8.jpg,0,52,164,238,442
20251022_153032_jpg.rf.497a61385793a5039962da47d10b4484.jpg,0,163,108,433,377
20251027_170529_jpg.rf.79e03c259ff1ee46cb91cf6cce7c3608.jpg,0,108,75,359,260
IMG_0820_jpg.rf.8ae6b523de146ca783ae768280fd8998.jpg,0,128,228,280,336
20251027_171249_jpg.rf.89287d5c7dd7561493eb78376934efab.jpg,0,187,131,346,322
20251027_172211_jpg.rf.2e7790a154091d9f39e83727d3d8bce7.jpg,0,165,130,297,296
IMG_3169_jpg.rf.a9d130ac354f9ebd3d1d871df4621a7e.jpg,0,94,208,162,246
IMG_1798_jpg.rf.2fdc69a29f709b99412c384f441bb37e.jpg,0,0,246,99,349
IMG_1798_jpg.rf.2fdc69a29f709b99412c384f441bb37e.jpg,0,201,151,260,186
IMG_1798_jpg.rf.2fdc69a29f709b99412c384f441bb37e.jpg,0,120,147,164,178
20251028_161343_jpg.rf.49e11f8b76cd9649fd7686f98086a8ae.jpg,0,101,242,304,370
IMG_1737_jpg.rf.e8f6c51c1f0a1ff1786028ea28f40508.jpg,0,184,203,426,437
IMG_20251027_165544_jpg.rf.c10b71540f1155f432362352c07f50d4.jpg,0,32,58,109,110
20251029_090257_jpg.rf.667c56edd904fea5df6d165df7ed3823.jpg,0,20,242,143,321
IMG_1754_jpg.rf.c19d71600737a9645b5aa1a07234ca30.jpg,0,141,213,284,301
574047075_2708248966174012_2238561471904009379_n_jpg.rf.b862a4be6e91e38d9240fbfd060ef7e9.jpg,0,39,87,601,458
IMG_5845_JPG.rf.bed9e4f8690f3052e6fa8f6e8987428e.jpg,0,230,192,378,297
20251028_164241_jpg.rf.eb1b980b30988c49e5eef9e8e09087a1.jpg,0,364,130,523,242
IMG_2610_jpg.rf.d0d791f734411c4b5cfdeb0d5dd5660f.jpg,0,142,318,277,461
20251029_125011_jpg.rf.80cda9ac7585a02a782ed941f81ccd1a.jpg,0,170,106,345,227
20251027_170613-0-_jpg.rf.b31e5abc22bf3531d337afe2a7f74134.jpg,0,229,114,457,273
IMG_2240_jpg.rf.e0a5bd05ee4f72ec9256b8b57b4aa208.jpg,0,87,303,325,520
IMG_2195_jpg.rf.5c4d50702a617a1bfcf9bc18d3b9bd80.jpg,0,113,166,367,432
20251029_085820_jpg.rf.e3572e61389cb288b0dbe9cdca750848.jpg,0,75,192,337,352
20251022_152241_jpg.rf.cf4edb5e129122343dd97fef38dd66d9.jpg,0,170,43,318,228
20251029_122921_jpg.rf.226e08486571abe09b3484caf1e06232.jpg,0,99,265,303,362
20251027_162825_jpg.rf.f4d4162b97fb14a55b9195923bbba42a.jpg,0,95,143,354,335
IMG_2512_jpg.rf.212d8ae5c9379a1b1901786b44ab6e6d.jpg,0,171,243,262,328
20251027_170104_jpg.rf.e01aada50479f38b36b3fcbc92582401.jpg,0,54,44,333,241
IMG_0914_jpg.rf.3606a74c6a1b9d6b6ca309062171f381.jpg,0,63,225,220,314
IMG_1712_jpg.rf.fa29e7cdd0b89a3aee9082cfa6c92ff1.jpg,0,38,137,276,393
IMG_2264_jpg.rf.09efd7acd23255242b2a9d8b7d3e87ca.jpg,0,117,188,433,468
IMG_2307_jpg.rf.8d54e256db58891645c41bfbe1ceeb4a.jpg,0,189,171,264,248
20251029_124913_jpg.rf.d25de50c2af82b4aaf250539c013ea29.jpg,0,128,183,239,252
IMG_2425_jpg.rf.dcd7cfaee113cdceb51e4b148dffcb7a.jpg,0,172,223,231,290
20251029_124643_jpg.rf.d29326862471bb9f48c5781c4c347b9a.jpg,0,110,150,505,392
IMG_2447_jpg.rf.e462f0e991938c866e6f852d4384f086.jpg,0,210,202,321,337
IMG_2447_jpg.rf.e462f0e991938c866e6f852d4384f086.jpg,0,167,47,230,118
IMG_20251024_162039_jpg.rf.cfd162a1a92b02ded50f82894b9f7433.jpg,0,55,36,253,321
IMG_1741_jpg.rf.fbbfe497388c26dcd66681e89c3bae9c.jpg,0,54,74,414,399
IMG_5899_JPG.rf.26dd2d29c6c09d614c6d0aed1f515d11.jpg,0,204,256,315,356
IMG_1707_jpg.rf.4a129f4e2e00788b0da5827b58e00d93.jpg,0,230,92,401,248
IMG_2504_jpg.rf.59684577aac8416d5d404c84a3704432.jpg,0,336,195,373,228
IMG_2444_jpg.rf.f0f338ce74e3ff90b8edbc9fba259fab.jpg,0,188,276,291,379
IMG_2431_jpg.rf.46d821bd432709b58634b722d2dbe4fe.jpg,0,265,342,382,484
IMG_2434_jpg.rf.23a474ad172a124c16dec25f2410ba2e.jpg,0,175,218,245,279
20251027_170721_jpg.rf.fb86f1daa0c0ddce8c621aa83a719ad7.jpg,0,202,85,339,303
IMG_1093_jpg.rf.04e2118d8afb30f32aac4a58fff8a6d3.jpg,0,260,232,387,318
20251027_164639_jpg.rf.7cae0376c7276562135728f10e034031.jpg,0,78,97,305,378
IMG_5876_JPG.rf.faa4f37ae5e83993dd4edb9bb5e19183.jpg,0,257,205,294,236
IMG_5859_JPG.rf.16fa4f98bf49125b9974f14c9c4b9826.jpg,0,148,128,314,243
20251027_170632-0-_jpg.rf.3441725a3c9d46ebf8ff914d2659335c.jpg,0,201,229,325,401
IMG_0724_jpg.rf.31f09d08b03ae069d0ad865e2fa672c9.jpg,0,196,332,400,440
IMG_20251027_170006_jpg.rf.d788ca97202b28ac22009401e7f35eef.jpg,0,418,46,539,178
571282760_122181651824377091_1042382279063165941_n_jpg.rf.11440073be4a9367733271c316f042ad.jpg,0,119,90,526,426
20251029_122059_jpg.rf.a9c0328320ecc4fe9ab20a02973d2500.jpg,0,156,261,269,344
20251027_170126_jpg.rf.4a3dff34655f4aa8dffbc25754d85e29.jpg,0,153,104,271,202
IMG_2251_jpg.rf.9743d7a4c2a236a0e4a7dca0235bdaeb.jpg,0,200,198,452,472
IMG_2176_jpg.rf.99b4e4f2e69dae7c11b81754d5d5d41d.jpg,0,84,222,308,414
IMG_20251027_170000_jpg.rf.b1cae3579eaaa5f36882ecf1d3a2e7fc.jpg,0,5,45,113,130
20251027_163840_jpg.rf.db6d7fc6f6fdc0a18e5a4968048e6956.jpg,0,149,87,360,396
20251027_170300-0-_jpg.rf.cd45ca438fdf3d67e150caf21b32e53f.jpg,0,138,139,345,274
20251027_170528_jpg.rf.6c3a5722b3a41fb4382698b5b19099a1.jpg,0,60,57,293,224
IMG_2416_jpg.rf.40563af0000c51fc2f12a7ff09a9ffb4.jpg,0,167,386,334,639
IMG_2416_jpg.rf.40563af0000c51fc2f12a7ff09a9ffb4.jpg,0,209,182,302,280
572217350_3052972544888057_2055103472779738229_n_jpg.rf.4fc9e1f3087a378d88951bc4c1894fdd.jpg,0,72,168,590,435
IMG_1803_jpg.rf.b511485b92702080c2c0b25368ddeed4.jpg,0,39,221,229,362
IMG_1022_jpg.rf.084ddf06241819f302cd4997c3e3f245.jpg,0,219,229,339,329
IMG_20251024_161430_jpg.rf.2600fc7485278717c9a7034c5155afcd.jpg,0,7,236,172,460
IMG_5886_JPG.rf.648b087ad89c74ad337455447190b96d.jpg,0,52,181,285,275
20251027_165408_jpg.rf.c44c1c507103122a82ecef907b690d01.jpg,0,81,87,351,259
IMG_20251024_163502_jpg.rf.a4aaec4d96ae80d40422be1c1491686b.jpg,0,38,195,234,362
20251027_170232_jpg.rf.a7327ca998bf421e043821a1efee544a.jpg,0,144,163,360,294
20251027_170134_jpg.rf.afb951b1a0d87b0bd4f5ad37465e0785.jpg,0,174,83,338,210
20251027_170134_jpg.rf.afb951b1a0d87b0bd4f5ad37465e0785.jpg,0,54,33,151,117
IMG_2443_jpg.rf.9cca94190a4aa8f9484a66575e6b4a3b.jpg,0,75,183,209,315
IMG_0774_jpg.rf.75a076181e70c2ec911b08c816ef7977.jpg,0,102,85,305,259
IMG_2276_jpg.rf.047f1d79544aebc4bde5530626032a2f.jpg,0,148,212,358,446
IMG_1781_jpg.rf.aed3ccd6669ac5c4acf41ba947834c14.jpg,0,228,65,300,121
IMG_5794_JPG.rf.6759099dd37e6fcc249d700783943ced.jpg,0,124,225,308,371
IMG_5794_JPG.rf.6759099dd37e6fcc249d700783943ced.jpg,0,0,95,106,193
20251028_183812_jpg.rf.9fb50a5d03c9677cb009b9a0f9c1a334.jpg,0,86,120,435,397
20251029_125859_jpg.rf.fc71700d21c35ad1a5201c5e0bc41489.jpg,0,132,117,384,269
20251029_122247_jpg.rf.a33407b20fd479c992d0d99cfbf59b33.jpg,0,0,215,341,439
20251027_170632_jpg.rf.3896413e605cb401589881e00364f590.jpg,0,198,224,312,377
20251029_090736_jpg.rf.4c10045f35b2744ab55fab959777585e.jpg,0,35,175,407,445
IMG_20251027_165338_jpg.rf.ad4024ba77f20fea28e52ef71dc4c81f.jpg,0,50,124,292,287
IMG_1687_jpg.rf.d60867077a1b690dc4269283394f8a92.jpg,0,174,249,303,333
IMG_1717_jpg.rf.d5e02d35e50529677cc220ed24416220.jpg,0,0,127,169,337
20251027_165311_jpg.rf.3aeddf147c5ba57f2841f2177887bcd1.jpg,0,154,24,348,336
Screenshot-2025-10-24-145626_png.rf.8b2a1127e0b66e554a5f03b6517f8de6.jpg,0,77,41,487,588
IMG_5853_JPG.rf.f892d06372f439887eaf7bbcdb578053.jpg,0,100,150,265,250
20251028_165230_jpg.rf.41bc4a6c1b3400499390742b6f20cfc1.jpg,0,328,218,376,255
IMG_1323_jpg.rf.1392bb2c246f4da900710256e91d72a3.jpg,0,159,211,337,336
IMG_2187_jpg.rf.f2e5c2a817f93cdd5458ad2bb5b85608.jpg,0,114,206,397,524
20251027_165847_jpg.rf.7e69bcd84c1c2ffba95bad3d25d764f5.jpg,0,147,111,268,260
IMG_2870_jpg.rf.3fecedfebb9d9a2f563641a187d843bf.jpg,0,184,181,253,244
IMG_20251028_162422_jpg.rf.6cbbb764e2066662b7b704158b6309cc.jpg,0,395,117,475,160
IMG_2918_jpg.rf.a74b38ea61e1c2505f172bfcef0625f8.jpg,0,0,345,134,520
IMG_2918_jpg.rf.a74b38ea61e1c2505f172bfcef0625f8.jpg,0,103,220,172,304
IMG_2618_jpg.rf.2919d92dd7e2821f54c2afcc7c631e5d.jpg,0,212,298,316,447
IMG_2618_jpg.rf.2919d92dd7e2821f54c2afcc7c631e5d.jpg,0,202,202,261,268
IMG_1695_jpg.rf.67d805427ae6d8ed5f18900675933a04.jpg,0,58,112,148,210
20251029_124946_jpg.rf.f15d8316b62bd0781ce11111146909d2.jpg,0,186,135,402,282
20251028_163754_jpg.rf.48f70884562615ab0c1268ed9ab6ac6a.jpg,0,297,138,532,248
IMG_1806_jpg.rf.5717b6561d7ad45689ddb6e6a49d5b1c.jpg,0,118,126,252,227
IMG_2267_jpg.rf.89fb010fc15a5a0ee747fc06d357fedd.jpg,0,102,140,610,534
IMG_5793_JPG.rf.2a6d7499805b38f9f53a5f18f0e8d177.jpg,0,181,235,326,371
IMG_5793_JPG.rf.2a6d7499805b38f9f53a5f18f0e8d177.jpg,0,106,135,214,232
IMG_2271_jpg.rf.c8592bd1ae25c19c1dd690ce5ba4e2d8.jpg,0,94,119,554,525
20251029_122353_jpg.rf.4977b8e61b6f6cc7a86c204030635c8d.jpg,0,126,289,224,355
IMG_20251024_160527_jpg.rf.a593c3beb8b724967733ff19906684e7.jpg,0,42,137,207,339
IMG_2511_jpg.rf.5b7f9b6e5da1c731cbed5ad2e1d87a62.jpg,0,179,248,245,319
IMG_2247_jpg.rf.65b695ea0f776daf7df64ef9b782af65.jpg,0,111,286,296,465
573050886_3066071060243996_2430730590914171397_n_jpg.rf.b2c1e006b8214c9fdbc043160cdaceb6.jpg,0,75,32,555,444
IMG_2414_jpg.rf.0baee5669a4f5f789412667f0afb4e90.jpg,0,130,343,217,427
20251027_165424_jpg.rf.71a78d3c82749072ad208bad78814043.jpg,0,112,96,376,283
20251027_165424_jpg.rf.71a78d3c82749072ad208bad78814043.jpg,0,7,48,154,153
20251027_170208_jpg.rf.80bee25f96a47830575552714bdf0fc1.jpg,0,173,164,377,346
IMG_2571_jpg.rf.9c7e0b72b316387bc72a67e13ff50ebd.jpg,0,173,293,295,442
IMG_2294_jpg.rf.52aa17ea4c4ca94972a19271c0793f31.jpg,0,135,249,313,495
IMG_2294_jpg.rf.52aa17ea4c4ca94972a19271c0793f31.jpg,0,206,106,331,242
20251028_163639_jpg.rf.dfce95c28c3fc80383fc0b378499267e.jpg,0,97,178,429,425
IMG_1691_jpg.rf.f7baaf7a5b4c0985bddaa04dd5fde45f.jpg,0,121,123,268,268
IMG_2719_jpg.rf.9b71e0998cd6e5779511edb0e08b010b.jpg,0,171,299,270,424
IMG_2719_jpg.rf.9b71e0998cd6e5779511edb0e08b010b.jpg,0,179,129,216,164
IMG_1789_jpg.rf.b12387a6c0dc464e971651e08a79186a.jpg,0,217,112,278,187
IMG_2281_jpg.rf.3c6b8ce37a083d828c798b2dfc47c9cf.jpg,0,130,225,426,469
IMG_1234_jpg.rf.0c7d55f946e660323db4c26dbb357418.jpg,0,14,146,365,394
IMG_3346_jpg.rf.b0e689ceef2b4eb0e36d2940e64f0920.jpg,0,17,208,460,475
IMG_20251027_171107_jpg.rf.18a92560d0cc2dd6af692fd63465ad60.jpg,0,115,103,272,211
IMG_20251027_171107_jpg.rf.18a92560d0cc2dd6af692fd63465ad60.jpg,0,4,54,91,112
IMG_1702_jpg.rf.608df5827d531f240d0064f83e227d03.jpg,0,227,216,346,307
571350130_24817687687872289_2493987949746886401_n_jpg.rf.512d9cd9b4b938026ab5ccaf31e01ec4.jpg,0,71,99,527,417
IMG_2177_jpg.rf.2d0490a845c656d1d621de16c057f72d.jpg,0,246,268,411,470
IMG_3341_jpg.rf.e259475604216f65ee559ec509f5648b.jpg,0,77,229,320,405
20251027_165627_jpg.rf.f89913d1c0e1d0c00ae041d5b639bf9c.jpg,0,179,105,407,267
IMG_3279_jpg.rf.1ec82aa6aa1854a15da10cfc7ae02f74.jpg,0,210,344,310,403
20251022_151514_jpg.rf.6291031e92aa001d5e255df6366d347b.jpg,0,90,87,360,492
IMG_1372_jpg.rf.58d2d951844779ed1b1e52d8fbdb1a78.jpg,0,68,131,347,387
IMG_0885_jpg.rf.36e92399a903a97fa83e382be4e1eff2.jpg,0,174,172,437,364
IMG_2332_jpg.rf.210abe791b8ae472dda784b39573e75a.jpg,0,212,241,309,352
IMG_2332_jpg.rf.210abe791b8ae472dda784b39573e75a.jpg,0,134,151,195,220
20251029_124137_jpg.rf.1b059b9b0f963995f3ce54e8a4fe14b2.jpg,0,54,167,277,308
20251027_171255_jpg.rf.0131c309488d3a12eaa706bbf822dcac.jpg,0,132,76,245,194
20251027_164947-0-_jpg.rf.49cf1db27023bc4e865f9425c22924b1.jpg,0,160,97,347,363
IMG_5894_JPG.rf.fc68933daa69a1a20dceb703a82aaacb.jpg,0,300,146,396,215
IMG_5894_JPG.rf.fc68933daa69a1a20dceb703a82aaacb.jpg,0,195,149,266,206
IMG_5819_JPG.rf.09584d0c52b48a021260775011c4858e.jpg,0,189,225,287,304
20251028_165544_jpg.rf.1086447cbb63526357b350d0dd17d72a.jpg,0,251,143,474,274
20251028_165049_jpg.rf.0fceea3b6e9a14d8781d29bd11c50aac.jpg,0,227,176,367,244
IMG_2424_jpg.rf.70267cd590458eee1bff53506d88f375.jpg,0,132,197,275,367
IMG_2537_jpg.rf.c14246535407a40f5f9205c4b2baf506.jpg,0,189,228,279,355
IMG_20251027_171324_jpg.rf.227d218e98f4193a9f9156a41626d122.jpg,0,58,75,154,145
IMG_2428_jpg.rf.0ca59a944001a6b995cea6fc08ed6da5.jpg,0,200,273,322,449
IMG_5842_JPG.rf.a0d26dd980b0ec60c440573437ea6e50.jpg,0,348,183,429,244
z7166665946768_1f4a8f4de8bddf74394ad33e943e9253_jpg.rf.ed466125e8c67eaba2e08dd0886cbb63.jpg,0,124,258,449,491
20251022_152834_jpg.rf.20cc4eef7428c7fc2f8da3ca5259ab2b.jpg,0,144,63,480,356
IMG_1722_jpg.rf.937769de84bf14bd17b9b62db21dedea.jpg,0,146,65,229,177
IMG_1723_jpg.rf.484e80c502458490079b285c7234cb99.jpg,0,176,104,254,221
IMG_1723_jpg.rf.484e80c502458490079b285c7234cb99.jpg,0,102,51,179,156
IMG_20251024_160558_jpg.rf.73def709dbe41f2fe1c062308e45c1c5.jpg,0,48,63,230,335
20251029_124957_jpg.rf.57be73be9987cf8004abc9388951c695.jpg,0,181,121,379,260
IMG_5920_JPG.rf.a7daac50ddcb187c46192e9b69f62e51.jpg,0,218,262,317,335
IMG_5920_JPG.rf.a7daac50ddcb187c46192e9b69f62e51.jpg,0,336,215,396,261
IMG_20251027_170625_jpg.rf.cc2686cab45edb4961b85a48c15fc6be.jpg,0,4,65,109,136
IMG_5888_JPG.rf.ef72476c169eaddacda15c5ed5ee4f75.jpg,0,122,186,327,292
IMG_1232_jpg.rf.678990b773aab8873be96e70b8aa9cdc.jpg,0,236,167,350,272
z7166657436952_7f840a34d67be32cc4fb6c011a0d9027_jpg.rf.084af72eea14ae624aa358e767b40e9e.jpg,0,82,231,480,495
20251022_151501_jpg.rf.05ac57b6d8e285a458ec6ece29a46be4.jpg,0,134,184,376,566
IMG_2296_jpg.rf.c10a45333ff63363e98c3103df6d3394.jpg,0,79,354,212,489
IMG_2296_jpg.rf.c10a45333ff63363e98c3103df6d3394.jpg,0,203,241,278,312
IMG_2915_jpg.rf.a0e851a7236c884522ed96fe7a24619e.jpg,0,63,83,143,168
IMG_1694_jpg.rf.155b9d9a92e55ee232dfef61e0f12ed8.jpg,0,157,111,248,201
IMG_1694_jpg.rf.155b9d9a92e55ee232dfef61e0f12ed8.jpg,0,249,138,340,251
IMG_2295_jpg.rf.39b66aaaf3b31c221c1cdecad7e92070.jpg,0,161,208,217,269
IMG_2295_jpg.rf.39b66aaaf3b31c221c1cdecad7e92070.jpg,0,220,183,289,243
IMG_2367_jpg.rf.e853baf673e71b31308b92e7127952aa.jpg,0,163,303,242,371
IMG_20251027_171734_jpg.rf.70665efb1c3dbb77d00746c6c9f6159e.jpg,0,256,128,469,268
IMG_20251027_171016_jpg.rf.848627f53970e5bc7bb4dd7315175f52.jpg,0,84,68,209,145
20251029_085804_jpg.rf.5e5d60285e2ad7ced43a1b771cfcbbbb.jpg,0,183,241,339,333
IMG_2216_jpg.rf.91f778ece31a2a30dfc5b3c655ad0c87.jpg,0,159,116,386,465
20251027_165942_jpg.rf.34bffc8fa5538ab0c46b5f1624e9258b.jpg,0,169,124,314,312
20251027_165849_jpg.rf.ce3a0f6b91be6dbe09b045ea1a7df4f9.jpg,0,210,140,369,363
20251022_153030_jpg.rf.740ed768c660ab3ad8ee6a41a591d56f.jpg,0,0,11,159,180
20251022_153030_jpg.rf.740ed768c660ab3ad8ee6a41a591d56f.jpg,0,202,30,347,216
IMG_2278_jpg.rf.8c3a22e1fed5ccbe14c9c4f2e1af5e20.jpg,0,157,44,467,421
IMG_2551_jpg.rf.562d93814c5a8d09e01fe0bb7fd526c0.jpg,0,136,308,267,493
20251029_090423_jpg.rf.185623cba7737e9b1dfb6cc28836b286.jpg,0,167,256,294,331
20251022_152514_jpg.rf.7dcdcbe8c6f60d7d3f1016d333914176.jpg,0,272,90,471,224
IMG_20251028_164428_jpg.rf.8251bd1a680c8780b5fec97ec4c9aebf.jpg,0,206,123,231,151
IMG_20251027_172407_jpg.rf.b292ec788e047fd6489161660cf5199b.jpg,0,106,154,179,207
20251029_123837_jpg.rf.7d64f1d0ebe3cb23563a45a908dabdd4.jpg,0,135,176,341,283
IMG_5883_JPG.rf.c56a4860159e28a260d32d745ef3e1c3.jpg,0,103,149,339,313
20251022_152948_jpg.rf.1822b489635445c1fddeaae7bf2fd4ae.jpg,0,160,50,420,395
IMG_20251024_162340_jpg.rf.e4de878fd7ee660a2f211d2488bb7b25.jpg,0,49,153,233,386
IMG_2440_jpg.rf.84fa06f62ea764be52e938c888f83969.jpg,0,81,286,246,435
20251029_125224_jpg.rf.66693115d54dd1f4b37980b0a72b2a08.jpg,0,130,187,221,259
IMG_2593_jpg.rf.23af916fcce14db3454384172711fb8f.jpg,0,359,266,480,442
IMG_2593_jpg.rf.23af916fcce14db3454384172711fb8f.jpg,0,219,276,336,433
IMG_20251027_165547_jpg.rf.04bfa100e802b9cbe7c3b0b119f054e9.jpg,0,218,108,367,232
IMG_2936_jpg.rf.ef31e4369b7e462ac0132c3e9faa51b7.jpg,0,25,53,105,132
Screenshot-2025-10-24-145743_png.rf.e98bb3b27b0cb77cd4942810d7c06ac8.jpg,0,98,14,601,551
Screenshot-2025-10-24-143449_png.rf.6d8d022a9a06046ff7444c38cc676485.jpg,0,45,30,515,474
IMG_2238_jpg.rf.e8a1c85b8c2ee26024046f5df19cba9b.jpg,0,160,191,397,448
20251027_170122_jpg.rf.7cb2e6c8a3af3ad2234629b8095f3490.jpg,0,157,110,303,226
z7166656784927_4ead011de5252546f1b51d9c0e6f94f7_jpg.rf.34f31332e828b3ecef91505aad59d74e.jpg,0,13,205,480,538
IMG_5836_JPG.rf.58c7fe56f427364648122b532f927cae.jpg,0,122,248,188,302
20251027_171109_jpg.rf.8821e92d16285234b9b2a92d82b6e09f.jpg,0,207,169,380,398
20251029_091248_jpg.rf.529c4ff22ee172c7f8d19dae459ae855.jpg,0,238,276,333,330
IMG_1770_jpg.rf.d60483eeed179147ec8385f3322597d1.jpg,0,170,89,231,137
IMG_20251027_164728_jpg.rf.284bd97bed1aa4abeb0a233819f0a628.jpg,0,69,88,176,204
IMG_2199_jpg.rf.97b5ed0391188004c1306cd7064acdc0.jpg,0,130,247,302,454
IMG_2182_jpg.rf.4e3b86f1446f67c226bd358315f995a1.jpg,0,229,230,381,401
IMG_2846_jpg.rf.cde35c646bd1c0546b0a8795bc5891b1.jpg,0,249,290,465,522
20251029_125229_jpg.rf.d93783adc655c2684b1e28134cd1320f.jpg,0,163,89,448,305
20251029_123247_jpg.rf.0291da7eb5f1de4eca315e14f31e9399.jpg,0,251,180,408,265
20251028_164518_jpg.rf.eb19b578740f403fc6f48c699f02bdaa.jpg,0,173,179,243,226
20251029_124416_jpg.rf.362cb18072a1639fe4e02782b4366324.jpg,0,140,134,289,235
IMG_2437_jpg.rf.a3863ce40a493244d1554603da97556b.jpg,0,279,326,408,454
IMG_2208_jpg.rf.e081f1a4d58646b7c88fd14a2014abf3.jpg,0,259,334,366,441
IMG_20251027_171029_jpg.rf.65afa739203d28808f00a64a9cac9f53.jpg,0,131,116,290,248
20251027_165747_jpg.rf.fd0e3ba804e3f1f0f9366483e7f8c470.jpg,0,224,83,356,252
IMG_2373_jpg.rf.820b93889f37b4e02cd6250434554fe4.jpg,0,159,140,228,208
IMG_2373_jpg.rf.820b93889f37b4e02cd6250434554fe4.jpg,0,14,342,164,537
IMG_2576_jpg.rf.0ad6e6282c67e6d79d5bd46a1ff86d18.jpg,0,241,147,273,180
IMG_20251027_170413_jpg.rf.7cefeaaa186977828df2e0a36d279831.jpg,0,62,174,228,288
IMG_1768_jpg.rf.180d7804ede8ce30d62b5dca78110cbf.jpg,0,232,186,331,277
IMG_1768_jpg.rf.180d7804ede8ce30d62b5dca78110cbf.jpg,0,119,188,215,290
IMG_1768_jpg.rf.180d7804ede8ce30d62b5dca78110cbf.jpg,0,0,160,78,259
20251029_122415_jpg.rf.c2267409d646f946e8ae538b53d80aa3.jpg,0,101,230,352,411
IMG_2370_jpg.rf.5d457da4a321410333ba4b423a2c5c96.jpg,0,86,205,276,510
IMG_20251024_161751_jpg.rf.a8abf86426ef1f16611b2c510394c631.jpg,0,55,74,272,392
IMG_5804_JPG.rf.44b154a17a4281900d1ed7bfe6abdf25.jpg,0,153,161,273,293
IMG_5804_JPG.rf.44b154a17a4281900d1ed7bfe6abdf25.jpg,0,387,35,451,103
IMG_1693_jpg.rf.49bdbcc68a2b00f9eaddd6e85e6c5c0e.jpg,0,82,217,212,369
IMG_1693_jpg.rf.49bdbcc68a2b00f9eaddd6e85e6c5c0e.jpg,0,161,106,238,190
IMG_1693_jpg.rf.49bdbcc68a2b00f9eaddd6e85e6c5c0e.jpg,0,238,36,283,88
IMG_1693_jpg.rf.49bdbcc68a2b00f9eaddd6e85e6c5c0e.jpg,0,171,47,223,99
IMG_1693_jpg.rf.49bdbcc68a2b00f9eaddd6e85e6c5c0e.jpg,0,246,7,279,44
IMG_1693_jpg.rf.49bdbcc68a2b00f9eaddd6e85e6c5c0e.jpg,0,202,4,236,42
IMG_1225_jpg.rf.9188d2771fb0d5470f9ab7ec0378daed.jpg,0,231,260,349,356
IMG_2223_jpg.rf.0f5276fdf1f7c2c737114d5f96cd4928.jpg,0,178,199,447,467
IMG_2197_jpg.rf.897023f060a0f134fd738bf202c5942a.jpg,0,88,142,333,418
IMG_2300_jpg.rf.5426267e7b209d6949707b95ab9ba3d5.jpg,0,204,262,329,431
IMG_2300_jpg.rf.5426267e7b209d6949707b95ab9ba3d5.jpg,0,45,36,131,110
IMG_1740_jpg.rf.766ddf0e80495ee10d69f2928c81da62.jpg,0,200,211,310,310
IMG_5843_JPG.rf.db5d4482f34005d12aff8e2ddc330478.jpg,0,290,189,399,262
IMG_2418_jpg.rf.065e84cbde9a1ca47ee9d28f39a379f6.jpg,0,132,171,181,215
IMG_2718_jpg.rf.62804b16408281311d416883f171f184.jpg,0,204,333,304,431
20251027_163034_jpg.rf.3b0e9727b8ac26be4a7f37b3e9ad669d.jpg,0,27,120,260,323
IMG_20251027_165128_jpg.rf.11641158e084f0b11a6d18371a7960d0.jpg,0,265,76,480,207
IMG_20251027_170653_jpg.rf.099f26391ddb6d988de3a65a965bd45f.jpg,0,215,101,413,255
IMG_5924_JPG.rf.27243684ff88c4be15670a0dcbd2ea0f.jpg,0,125,293,224,392
IMG_20251027_165121_jpg.rf.65ab2c0ecd906345d40d9efc158843e5.jpg,0,56,51,194,134
IMG_20251024_161933_jpg.rf.03305e34d2371f54c402f8628674d1aa.jpg,0,0,16,250,376
IMG_2390_jpg.rf.e2cf5efa3a98312ac4cbaf56ed235a3e.jpg,0,108,328,288,478
IMG_2390_jpg.rf.e2cf5efa3a98312ac4cbaf56ed235a3e.jpg,0,63,234,194,327
IMG_20251024_165155_jpg.rf.5a71514b6984782ae5f06d1db89532ee.jpg,0,22,104,243,364
IMG_2234_jpg.rf.cd93ffb674b0635c9ab4c3b00c290740.jpg,0,58,339,252,545
IMG_2906_jpg.rf.9232a5e963237d8bcc8fab957a37c346.jpg,0,107,133,222,234
IMG_1678_jpg.rf.55a2bb6b8c88f69087bba4a771b2c7cd.jpg,0,270,214,405,376
20251029_122349_jpg.rf.cead1f668558a3b915da382d85d2e8b7.jpg,0,188,311,245,365
IMG_5884_JPG.rf.3509841ef951d3b2a983ad1efaf11452.jpg,0,0,141,466,446
20251027_162509_jpg.rf.593da21c726fc9a6c2e64dd4cfc78e3a.jpg,0,112,222,326,373
IMG_1731_jpg.rf.069c17f51eb6b7440bb6ed0f276c50d2.jpg,0,71,89,408,362
571712246_1549843842855248_1554559072944946893_n_jpg.rf.10ed14077f7014d02e616f5ad8f7326c.jpg,0,82,66,562,454
IMG_20251024_170613_jpg.rf.caf3b8ff91decfaa1db34d27af7267d8.jpg,0,77,183,244,379
IMG_1307_jpg.rf.8134f7b892e44c15e7fb6c103260b412.jpg,0,43,161,180,281
IMG_20251024_163754_jpg.rf.a6bca71e39c8a571e862fd46e117d35e.jpg,0,0,160,268,537
20251022_152509_jpg.rf.b4aa414394082f7728699b54ee367d40.jpg,0,310,68,448,183
20251022_152844_jpg.rf.abba45fdd1af67b07fc4934a5383642f.jpg,0,228,111,480,321
20251023_152954_jpg.rf.821bb0365b7781d92da5f647d03b3d3e.jpg,0,49,68,245,249
IMG_5878_JPG.rf.0f79f9ea0cd758462aa1793e1b00d2b1.jpg,0,153,158,382,293
20251022_151833-0-_jpg.rf.1dab3b998c66c0e1d751108a94783a73.jpg,0,125,99,416,440
IMG_20251027_170613_jpg.rf.25c85b6e9c463f9751e3a7c5a6c092e6.jpg,0,189,103,411,284
IMG_5860_JPG.rf.4c01c07a2dd04dc6e11362351a954904.jpg,0,113,219,206,298
z7166662850805_74611451dfd06ef74f5438a2f1797c9c_jpg.rf.72578775e22644a1eb855d349240c799.jpg,0,164,147,437,373
20251029_125628_jpg.rf.a69c97015501e145c95f0c09e2143578.jpg,0,177,29,613,291
20251022_151447_jpg.rf.e1675ed9feaf32a2e14f405c8cb66824.jpg,0,232,70,412,255
20251029_124708_jpg.rf.ec5c30e88dc0a425158500092c3b7453.jpg,0,203,98,444,251
20251027_163545_jpg.rf.d056ddb65eb8739f2fd250015a430297.jpg,0,103,97,377,362
571143365_24817686874539037_3795297493492895281_n_jpg.rf.7e32badf3b1148e724e5a755bb5dbbab.jpg,0,69,87,521,411
IMG_20251027_171119_jpg.rf.0caa6d6ef1e8e9b77235791b4b0a3c4e.jpg,0,81,80,179,162
IMG_20251027_171119_jpg.rf.0caa6d6ef1e8e9b77235791b4b0a3c4e.jpg,0,295,119,493,265
IMG_5838_JPG.rf.3deaf17ef2b67b7d1f56d57a18213cd0.jpg,0,148,239,281,330
IMG_2351_jpg.rf.326d6d96d6106123ec1a7236edb08b44.jpg,0,14,259,237,496
20251029_125001_jpg.rf.7e3566bc78f723eaad6441fd2e2f9fb7.jpg,0,0,105,425,364
IMG_5848_JPG.rf.3638a49326105759a05495ef13b26f9e.jpg,0,261,106,440,252
IMG_20251024_165035_jpg.rf.e76311c7e8d162a04b4cd62826ccbe36.jpg,0,36,0,185,142
20251028_171356_jpg.rf.739adce0021cf30e3e2750478aa4f878.jpg,0,122,210,290,325
IMG_2694_jpg.rf.d2c9bc384e527bffb86fabccc3862295.jpg,0,183,128,234,178
IMG_2196_jpg.rf.427780c9855d2757138f61d4e4ea38cd.jpg,0,177,222,409,502
IMG_2461_jpg.rf.2c60225caee9d28693f314e7b744ff4c.jpg,0,188,197,270,298
IMG_2268_jpg.rf.c9716191e24cf31d9b56369531a3ddd9.jpg,0,209,234,463,526
20251029_125202_jpg.rf.b11a4623deb5dd1d05030f83247e0a99.jpg,0,169,178,394,325
IMG_20251028_165332_jpg.rf.da6d81a01389e457c4e147c9c1512ab7.jpg,0,130,133,258,205
IMG_2599_jpg.rf.0158276e8befd51a02035792fc048132.jpg,0,262,229,323,297
IMG_1729_jpg.rf.c0c0da81f468695ad65cedf1daf96471.jpg,0,198,42,461,236
20251028_164240_jpg.rf.e772a970616c7e9989ee65edc901d4cc.jpg,0,241,127,567,324
20251022_151329_jpg.rf.2e175e2208ed736a568fc24fe229a12f.jpg,0,213,91,393,328
20251029_124045_jpg.rf.e79e9f00f6a1d5035ab19bc422a4b962.jpg,0,148,249,309,359
IMG_20251027_170522_jpg.rf.df6a5d2c5119fc8cc127113f24cc7fc5.jpg,0,0,111,96,192
IMG_5914_JPG.rf.61e543c0a709781dcc86c0f8b03851ea.jpg,0,198,173,321,255
IMG_20251024_160553_jpg.rf.068c5b3f842a18fe3c17d2e75124b7a0.jpg,0,33,136,225,405
IMG_20251024_161612_jpg.rf.ec705f22fcfba2c10c61c60cf386d988.jpg,0,49,162,229,404
z7166662682182_3232b54ef0be069f143793c8242ffe14_jpg.rf.afd2db4582df1201e60c0cc4f5dc8ddd.jpg,0,105,325,324,507
IMG_2955_jpg.rf.3438744c6d5942efba99e857433f6f24.jpg,0,179,13,247,89
20251028_161652_jpg.rf.22e4b45302c50f82aeaaea92cd7e03c6.jpg,0,34,64,444,465
Screenshot-2025-10-24-144223_png.rf.bdc70458c2964a1980fc87de28d1f628.jpg,0,21,27,526,416
IMG_3157_jpg.rf.813367c3d7ceb6d46ce634be892aa148.jpg,0,34,310,153,376
z7166657959922_bd98d0afde674e8326033585d436eda8_jpg.rf.9a9d3d1bd571fb8789679b557eccbdef.jpg,0,173,194,490,410
z7166657959922_bd98d0afde674e8326033585d436eda8_jpg.rf.9a9d3d1bd571fb8789679b557eccbdef.jpg,0,478,208,639,386
IMG_20251027_165716_jpg.rf.0a8840f4b48556f660d48ab65c1d1604.jpg,0,4,94,95,174
20251029_124057_jpg.rf.92e4fc90833b6dd9fd7a6df1fa59eeff.jpg,0,43,46,249,243
IMG_2430_jpg.rf.e84e5238463b2c57a59bdf9ad468e307.jpg,0,179,236,245,298
IMG_2544_jpg.rf.8e88fb7f84bd5b3e427fd7b131c5f616.jpg,0,194,110,238,160
IMG_2192_jpg.rf.620323ecfc2eb3394602b454abdd5697.jpg,0,174,96,447,464
IMG_1683_jpg.rf.304c3d708d638442f74fd2057624ead6.jpg,0,258,187,330,277
Screenshot-2025-10-24-144510_png.rf.88d9e342dcb39fb75014cdb15e347b5d.jpg,0,101,42,568,400
20251029_124749_jpg.rf.09e2692a91368e7401c9835604025636.jpg,0,148,178,300,267
z7166666131978_410260abe8ea9c928126fe19b4083399_jpg.rf.17f030c26c73c3a91504633ffb986ec1.jpg,0,0,120,441,475
z7166658073500_59049addec7843a4a8ad526e0039f5c4_jpg.rf.606167d79f4042d12b93add399783788.jpg,0,68,165,391,414
IMG_2572_jpg.rf.f7d7fac50b4ab962d63e889eecd7c6a0.jpg,0,127,318,184,378
IMG_2572_jpg.rf.f7d7fac50b4ab962d63e889eecd7c6a0.jpg,0,271,272,311,306
IMG_20251028_165209_jpg.rf.813c2974fbbe6cfc16aba90712393090.jpg,0,207,136,300,192
IMG_20251028_165209_jpg.rf.813c2974fbbe6cfc16aba90712393090.jpg,0,86,129,188,192
IMG_0967_jpg.rf.20f164e55ef29267993c24e073b214e6.jpg,0,39,236,396,439
20251027_162751_jpg.rf.c67b088906f64ed2bcf5426c0c9c5eb8.jpg,0,153,43,462,485
IMG_20251024_162401_jpg.rf.b79ee7ed4be3c5c2e8ebfefa114c8761.jpg,0,43,139,232,387
IMG_2407_jpg.rf.c82d0ac2aac2a3447b6a78d4de5fce57.jpg,0,158,356,270,447
IMG_2407_jpg.rf.c82d0ac2aac2a3447b6a78d4de5fce57.jpg,0,323,271,388,324
20251029_122046_jpg.rf.3f6fb594ce90ed071a9b77f7661c4ab0.jpg,0,103,280,229,368
20251027_170926_jpg.rf.749b2ea220ee482d62836c0c3c45dd73.jpg,0,180,143,261,234
IMG_2262_jpg.rf.23cb5b778d61ac5ffdebfb93cf053f78.jpg,0,0,198,325,559
IMG_1811_jpg.rf.5255cf645e65314a6295c993c6133dbf.jpg,0,124,142,265,224
20251029_124835_jpg.rf.f8cd4020615c6a58306a97e858b4dbcd.jpg,0,70,200,197,264
Screenshot-2025-10-24-145604_png.rf.1f1c9c2cc5c3bc43a611b15cb0e6ebea.jpg,0,103,5,528,439
IMG_0860_jpg.rf.2fbeb0e1de6c687404261761aac3c4a9.jpg,0,196,193,361,371
IMG_5818_JPG.rf.2cee226b489fc782c8437f9718798338.jpg,0,209,242,304,330
z7166661621747_c492e4131bb446a8fdb137ef4b4d1fa8_jpg.rf.bcafc42c20c726c9ea33fa31de9eb329.jpg,0,45,191,460,524
Screenshot-2025-10-24-145311_png.rf.18145b1306ffddd42faa45cbf956760e.jpg,0,136,53,513,421
IMG_1356_jpg.rf.b86253e5c82a85b7568f9f6a0f6c4a3f.jpg,0,259,232,357,317
20251022_152845_jpg.rf.533fc489a803cf0505d569fdc18b9fff.jpg,0,151,140,449,391
IMG_2943_jpg.rf.e20337e50345fc657ecd9c6ac7b65836.jpg,0,169,88,249,166
20251029_091104_jpg.rf.8ec6132b3de26d744a93084a3106476d.jpg,0,10,97,478,514
20251027_165626_jpg.rf.6587616527497a3f9e57399e9f99ff47.jpg,0,191,123,403,277
IMG_2510_jpg.rf.880f0dc5b761c6ac6eebfb02b34e0b79.jpg,0,147,297,279,430
20251027_170641_jpg.rf.cb342dcded32f409672438c147a61683.jpg,0,229,165,400,474
20251028_162756_jpg.rf.f814c8dff32096d2e818f1a34246ea4f.jpg,0,263,194,411,284
IMG_1776_jpg.rf.52e35d633074ba1018ceae38c7470baa.jpg,0,163,29,246,96
IMG_2737_jpg.rf.5ff74895277f212c237ca4a986f946b9.jpg,0,110,299,205,395
z7166662670593_85f19a4c89f3ee9a3230a35bca0a25b1_jpg.rf.0f974a90782023edf123921864466996.jpg,0,86,251,385,537
20251027_164622_jpg.rf.795a7911393e3b90a5bd8f05059d4fbe.jpg,0,51,97,221,295
IMG_20251024_165427_jpg.rf.9693c8e62807a188871b92031f897692.jpg,0,77,242,204,397
20251023_152940_jpg.rf.26f4558d8145e78d1edd69afa633be2a.jpg,0,41,97,232,265
20251027_170105-1-_jpg.rf.82bbccda1bb3ff96d13bebb2308343d9.jpg,0,137,68,541,351
20251029_124457_jpg.rf.2fd3feeb0af3f46c2c94cb3eac1b2af1.jpg,0,104,174,292,263
20251029_124625_jpg.rf.a9edbfb785a5b725c8fdebdd19e10e02.jpg,0,457,186,640,348
20251029_124625_jpg.rf.a9edbfb785a5b725c8fdebdd19e10e02.jpg,0,126,171,348,284
IMG_2923_jpg.rf.6d45af8599d5fe51bdc7d94306b61760.jpg,0,132,46,229,129
z7166661175003_e5ddb2ff9b08d98aeedd67c2a389e8bb_jpg.rf.3ff5019b44b51b358be92dedc38ac479.jpg,0,43,268,480,506
IMG_3206_jpg.rf.5891bd2f36d68017ce1ef8deeef9db6c.jpg,0,291,257,456,349
IMG_0847_jpg.rf.ae070c750c9bf25fa5841ff045834729.jpg,0,166,263,252,331
IMG_5844_JPG.rf.792a168a6498dde1b98829a41ac2e439.jpg,0,174,215,253,277
IMG_5844_JPG.rf.792a168a6498dde1b98829a41ac2e439.jpg,0,266,218,310,261
20251028_162556_jpg.rf.94b348833f9508dd63094049fb65e509.jpg,0,175,202,365,305
IMG_2842_jpg.rf.d461b7f2fed145512fa1dbc8b9845e77.jpg,0,371,78,479,206
IMG_5900_JPG.rf.6b312122960ea8ed82a428840f1e874d.jpg,0,197,246,353,342
IMG_20251028_164230_jpg.rf.f9ffad46247a39eb2dc7cc8a6494851f.jpg,0,167,120,193,143
20251022_153104_jpg.rf.5367c8c66072230aac194931d8c311bd.jpg,0,137,284,285,418
20251022_153104_jpg.rf.5367c8c66072230aac194931d8c311bd.jpg,0,315,176,399,252
IMG_2457_jpg.rf.4d8ac7f75f16cee9f8dd0241c0b61be8.jpg,0,105,275,234,399
20251028_163203_jpg.rf.13398c6cf97a39d3be207528043fe363.jpg,0,33,185,185,259
IMG_2401_jpg.rf.6a0506d0d0c9033433005b7a020c8b8f.jpg,0,196,314,362,439
20251027_170730_jpg.rf.c44d2617b30ea454710cb081bce52376.jpg,0,186,184,338,430
IMG_2230_jpg.rf.dcd9fb271785c230916f4031b30b9b88.jpg,0,215,253,377,406
20251027_171020_jpg.rf.b5c7040863663074fbea9de378ff3139.jpg,0,142,113,354,353
IMG_1045_jpg.rf.bb8af2c1a2a62a052838df8b9ac6b541.jpg,0,38,130,479,473
Screenshot-2025-10-24-152102_png.rf.7ba5c7c62a8435dc0883bcf641f338d8.jpg,0,23,28,397,599
IMG_5825_JPG.rf.9e43388d5cd108b375ab51ee4a2eb116.jpg,0,194,220,279,292
IMG_5825_JPG.rf.9e43388d5cd108b375ab51ee4a2eb116.jpg,0,283,159,327,194
20251028_162418_jpg.rf.9d08065fc31ea0a5ba270cfaddf05f80.jpg,0,331,214,453,292
IMG_2592_jpg.rf.c98b0662450314fdf756a24ce7a51fff.jpg,0,161,268,281,432
IMG_2592_jpg.rf.c98b0662450314fdf756a24ce7a51fff.jpg,0,174,147,226,215
20251027_171247_jpg.rf.304b17c81d668d9ef96baa0a01160b27.jpg,0,122,77,240,222
IMG_1761_jpg.rf.933de0650d0e0f407c6eea6f997317bf.jpg,0,9,45,87,120
20251022_152116_jpg.rf.43d752fb4f25a1fd1e99705ff96804a9.jpg,0,203,182,328,316
20251022_152116_jpg.rf.43d752fb4f25a1fd1e99705ff96804a9.jpg,0,288,76,366,148
IMG_1794_jpg.rf.8dfcd11ec5f12785194fd0b1c1e5c584.jpg,0,67,93,159,153
IMG_2410_jpg.rf.fa8ee3a56ad596ec6776fca3fe42b0e3.jpg,0,138,363,250,461
20251027_170826_jpg.rf.211a490e97f34309a90a7eac3ac936b5.jpg,0,247,42,368,199
IMG_20251024_161017_jpg.rf.a44b6a1fe3d1118d391422f015e45f72.jpg,0,22,218,288,527
20251027_164124_jpg.rf.d5170ccf5e3da704587d02d72cce1086.jpg,0,48,73,442,528
20251029_125354_jpg.rf.232af82671b442a7f9212d04ff74d447.jpg,0,58,229,172,292
IMG_2590_jpg.rf.470a8e86de8e8882b1542479ab600925.jpg,0,147,105,195,156
IMG_2590_jpg.rf.470a8e86de8e8882b1542479ab600925.jpg,0,178,64,212,95
IMG_20251027_170901_jpg.rf.3406744a7c63701f1e04f34a5a8b8c10.jpg,0,72,87,145,146
20251027_170527_jpg.rf.790c262e8862b24a74b4ac7b7dc88326.jpg,0,19,46,225,192
IMG_1006_jpg.rf.9f36e6105bc5ab5d2d9b3b560ed809de.jpg,0,179,264,332,390
IMG_2489_jpg.rf.51cdaaba1e07624061cc451368241b0f.jpg,0,146,244,248,336
IMG_2342_jpg.rf.734a0a1f1ff16a5a1fc245f4ac541d3d.jpg,0,265,213,365,315
IMG_2581_jpg.rf.3583f5f8d03bd54c7d55fbb1808ab221.jpg,0,187,174,252,243
IMG_20251024_161654_jpg.rf.7d789de577681061bf5873add626a4e4.jpg,0,19,199,187,384
20251027_165909_jpg.rf.0e13336a4088a73f1d53f7ec00938201.jpg,0,167,12,315,216
IMG_1734_jpg.rf.76900d2eb8c8f679d989370705930c6f.jpg,0,123,84,355,229
20251029_125526_jpg.rf.0aad6710eef5be870cbaeb156379d0eb.jpg,0,346,165,497,242
20251029_125526_jpg.rf.0aad6710eef5be870cbaeb156379d0eb.jpg,0,218,154,297,206
IMG_1763_jpg.rf.2417dd6cee9c8da2d46238013b3cfaab.jpg,0,97,88,169,163
IMG_1763_jpg.rf.2417dd6cee9c8da2d46238013b3cfaab.jpg,0,91,9,143,59
IMG_20251024_170306_jpg.rf.41e2afd6417c3972947a36eba2a5f6be.jpg,0,6,108,280,549
20251022_151738_jpg.rf.01399e8a7bb80ef31e34a44fab735145.jpg,0,178,86,293,216
IMG_2241_jpg.rf.98170e79d9652ead8c5745ef4e457402.jpg,0,176,116,414,400
IMG_20251024_165534_jpg.rf.af295439c015624814adf11efa40443a.jpg,0,0,196,272,503
IMG_20251027_172404_jpg.rf.9b0f50489cda021b7315e58bc577cf50.jpg,0,70,142,131,185
20251027_165307_jpg.rf.0ceffa42c8c3cd770d8f844c431d53f9.jpg,0,55,42,325,481
IMG_1769_jpg.rf.5d95f85bcb7950b0e48e8e8ff524fbb7.jpg,0,255,141,327,199
IMG_3195_jpg.rf.bafcbf62250ac20375ff29d03d906249.jpg,0,17,233,158,300
IMG_5790_JPG.rf.fb8ec14ca617c0de649bd0b831b49d75.jpg,0,148,230,350,401
IMG_2299_jpg.rf.83be348a237064ce40e131aa097a1d44.jpg,0,79,231,244,376
20251027_165342_jpg.rf.a9fd8b4114adf26f51ffd0cf31663d0c.jpg,0,16,0,433,283
IMG_2250_jpg.rf.4ca7060dabd9c4797c56badedb15121b.jpg,0,142,244,361,500
IMG_1719_jpg.rf.3c1e55118be0a9aecc4c49160bd6073d.jpg,0,34,155,330,454
20251028_164415_jpg.rf.7ec6c61a2bdde71a27d4c6ac8282c585.jpg,0,167,238,268,304
IMG_5803_JPG.rf.aa1c1871bd2cbc49994ed467925b30b7.jpg,0,145,68,255,169
20251027_164844_jpg.rf.a8065b4bdc44b653943c9a4d82a5a12b.jpg,0,145,15,349,315
IMG_2253_jpg.rf.5cdd7a6aaea4d5d43c65822015319021.jpg,0,114,246,414,467
20251027_170655_jpg.rf.35bc33dd9e8b2bb379530be7cec9af36.jpg,0,173,174,383,501
20251029_125411_jpg.rf.15f57469876b54acdf75bb8c5b8a8611.jpg,0,99,91,225,188
IMG_20251024_164059_jpg.rf.2c36cfb008309a88b60b6013e40bc576.jpg,0,35,97,281,470
IMG_2221_jpg.rf.adb8f563a56d8b3a3de421f661ee3487.jpg,0,216,233,435,442
IMG_2221_jpg.rf.adb8f563a56d8b3a3de421f661ee3487.jpg,0,160,74,319,202
IMG_1023_jpg.rf.c88fc1354c591b899ef1bc03e21b9393.jpg,0,214,226,332,317
543120570_25117804887887621_2360433907332095072_n_jpg.rf.e6f4098f3d7ab95334fa6d0d4ca6700c.jpg,0,22,58,614,464
IMG_2179_jpg.rf.f56b3610697d3a871182eac09ee2c85f.jpg,0,207,262,350,417
IMG_1751_jpg.rf.e8004574b5b9adb101f9552bbce84804.jpg,0,186,220,295,312
20251027_170207_jpg.rf.9f117c0eda40132df5db61640749b7a8.jpg,0,145,163,333,331
IMG_20251027_171927_jpg.rf.7377f38d4ab14c5d9f9b44b758d435fd.jpg,0,274,75,542,231
IMG_20251027_171927_jpg.rf.7377f38d4ab14c5d9f9b44b758d435fd.jpg,0,42,81,199,195
IMG_20251027_170147_jpg.rf.b9adeafb1b31ead507e196fa75be8061.jpg,0,104,149,293,288
20251027_165312_jpg.rf.ee3db3d0509ef386a7b734c6242fb989.jpg,0,127,55,355,409
IMG_20251027_165629_jpg.rf.9ac9946228106d03b2958ce20f0a2d20.jpg,0,216,128,391,241
IMG_1328_jpg.rf.e497a48871253b8e90b3c1849ab36376.jpg,0,101,176,307,320
IMG_2224_jpg.rf.58d898507b81aabc3a74ec0d16a8a768.jpg,0,265,109,507,350
20251023_154422_jpg.rf.45f1ceb1a8d85d47bfec49376312c933.jpg,0,250,0,413,116
20251028_170939_jpg.rf.27a8b967ff5d184bf726aba10220175a.jpg,0,271,213,389,280
20251029_125824_jpg.rf.058783a9c4a184b2d5b8982561cca2b7.jpg,0,125,178,234,241
20251022_152817_jpg.rf.c2bfc39711ee12a9bd39f293c022e424.jpg,0,195,56,385,241
20251027_163153_jpg.rf.747de423095ec11898626c12a4833f5b.jpg,0,46,161,358,449
20251029_123942_jpg.rf.daffb41c4ae3084d552ee4f2b5d7c98b.jpg,0,199,117,623,424
IMG_20251024_164743_jpg.rf.9efcd5d990a8b5ccbf0fda7fb580bd84.jpg,0,76,111,253,314
20251029_091055_jpg.rf.4ef5ccb0cdd72e6f6a693d17da163734.jpg,0,72,153,475,573
IMG_2696_jpg.rf.e2d8fce0d6f0dd51850843bc17ee9f3c.jpg,0,166,265,284,413
IMG_2696_jpg.rf.e2d8fce0d6f0dd51850843bc17ee9f3c.jpg,0,142,136,185,183
IMG_20251027_164120_jpg.rf.862e391f906bfa7cedaa30e5d12f9df5.jpg,0,0,186,207,363
IMG_1690_jpg.rf.61b638f9f1e71a4f385e4b5459bab01f.jpg,0,108,282,231,483
IMG_1293_jpg.rf.66af6826c15c8541e2dde357f025a986.jpg,0,84,161,394,391
20251027_170238_jpg.rf.5e8f0caea5b12038d759ce99bdc9a2a6.jpg,0,94,81,398,306
20251029_125527_jpg.rf.c27a8aa133c5d696cb4c4d5e19500996.jpg,0,285,130,402,201
20251028_170408_jpg.rf.181b306ad495832722806e0787511cd2.jpg,0,185,182,381,322
20251028_170408_jpg.rf.181b306ad495832722806e0787511cd2.jpg,0,0,92,89,181
20251027_171017_jpg.rf.563c82cdca68c90c9378e9e9d97d2add.jpg,0,203,113,343,266
IMG_2873_jpg.rf.53603bacaed53b45c77013b0f826fa35.jpg,0,205,89,272,161
IMG_20251028_165525_jpg.rf.4ee0c268d25c2be4a198d2899522acce.jpg,0,119,143,235,213
IMG_20251027_170146_jpg.rf.231770e318e986f9b0e3d9563663f162.jpg,0,50,131,212,244
20251027_171319_jpg.rf.bcb727e7237024b3ee73404d8028aa8f.jpg,0,157,109,277,233
IMG_2459_jpg.rf.30b8fd3a69ab2154c0df1c6fd141de58.jpg,0,247,294,329,355
IMG_5780_JPG.rf.e1be6abaa7e241f098b064606b538c57.jpg,0,195,212,308,302
IMG_5858_JPG.rf.705cccc425e61f792486be73fe085eba.jpg,0,79,177,409,372
20251027_163136_jpg.rf.0d67510506aecd8dd507883e5f6cd0ab.jpg,0,18,113,446,543
20251022_151937_jpg.rf.2a9aa992f47e741bea9891eef5276dbb.jpg,0,226,156,336,282
20251022_151937_jpg.rf.2a9aa992f47e741bea9891eef5276dbb.jpg,0,280,67,333,124
20251022_151937_jpg.rf.2a9aa992f47e741bea9891eef5276dbb.jpg,0,116,28,156,68
IMG_2380_jpg.rf.7829a39a03eb0e0558511edc6b09a9b2.jpg,0,187,286,304,442
IMG_3335_jpg.rf.b8cab6e54566f927e7760bb7dcdd90c4.jpg,0,49,220,352,419
20251027_171753_jpg.rf.e929ea44a23075b5ed4b4227f1b3a6c7.jpg,0,179,146,312,354
IMG_5881_JPG.rf.bbdb61a79f4ce13f194f75c122d57dc6.jpg,0,26,191,78,224
IMG_1772_jpg.rf.1c94883a51d818ebf1a26d40994c5e33.jpg,0,204,87,323,182
20251027_171256_jpg.rf.3f55967142226628129ac66179829ced.jpg,0,162,154,288,290
IMG_20251028_163107_jpg.rf.8b4690f70198f6055eecd666f8519857.jpg,0,38,177,143,217
IMG_1732_jpg.rf.c382cabd6f9caa8554c1f19b46eea19e.jpg,0,165,103,276,188
IMG_2596_jpg.rf.238c3771987d149e436138abe173519a.jpg,0,162,208,214,266
20251028_163821_jpg.rf.adf4781be4a5059fdfcd88280db96897.jpg,0,119,144,286,236
IMG_20251024_164449_jpg.rf.e85f96bf9bda05c9bbffec73952a41ce.jpg,0,12,209,226,532
20251028_170456_jpg.rf.91d7d40b7d8a6ce7c7f5773c1b5af02a.jpg,0,212,151,361,248
IMG_0849_jpg.rf.6ae58f72becb0f284fdd919e540b0749.jpg,0,115,232,321,365
IMG_20251024_163750_jpg.rf.ed7f73eeed4d745b2e9539378ef38152.jpg,0,35,164,234,389
IMG_20251024_164757_jpg.rf.9117c15049a5b13f8f43439bf953b235.jpg,0,16,116,265,409
IMG_20251027_170203_jpg.rf.4ec74b10c562fb8c871312b8fadd91f3.jpg,0,22,117,141,215
IMG_2460_jpg.rf.83f1769edf34488bd42e2d185d26f266.jpg,0,337,377,461,465
IMG_2460_jpg.rf.83f1769edf34488bd42e2d185d26f266.jpg,0,115,310,185,373
Screenshot-2025-10-24-144739_png.rf.f7e293861d1289fc4f84ef1215eb8be9.jpg,0,74,12,561,605
IMG_20251027_171525_jpg.rf.51fd5f053aa147dbd9e5fc62b6a2acd7.jpg,0,17,73,96,131
20251028_083756_jpg.rf.63371c17c046398b39171c7d702d9ea4.jpg,0,13,177,477,555
20251027_170734_jpg.rf.bc246ac6a8b480706db8c1d5f07f5917.jpg,0,130,44,282,297
z7166657580870_357bcec2dc9772eccb5d5ef8f68926bc_jpg.rf.92631de1a0e2ebdcf336dd7c37d0ac99.jpg,0,150,255,469,524
IMG_2725_jpg.rf.0472fb2154f75e4c7de98795b0c7534e.jpg,0,195,180,229,211
IMG_2553_jpg.rf.63af119ef547446cc789054d7cb5ae4c.jpg,0,106,184,166,239
IMG_2903_jpg.rf.486abbdc25eb8157cf9c68eddc594118.jpg,0,0,62,91,250
IMG_2287_jpg.rf.abbd4d328842a5f2cad2ca5a94b5dfe8.jpg,0,225,279,371,441
20251027_164428_jpg.rf.8a3ac76f69818fe07891fd3898464919.jpg,0,148,153,402,503
IMG_5801_JPG.rf.65dc30bb6cd12fed82dc2da0ede103a8.jpg,0,168,37,257,173
IMG_2239_jpg.rf.54acce9d33e8dac8a7baea25eb87ffe8.jpg,0,197,148,372,351
20251028_170415_jpg.rf.70eda114289aa797fe791c9719dca842.jpg,0,193,227,358,351
IMG_20251024_161450_jpg.rf.987b164992498d540fc307d699febeea.jpg,0,121,0,214,100
20251029_124516_jpg.rf.69e8bbeb6feb95717c89cb102fd41c7b.jpg,0,69,159,247,257
IMG_2583_jpg.rf.2d345f7f3dee3a20eaa3d81b675661db.jpg,0,92,205,136,244
IMG_1216_jpg.rf.50ea484042ce508a285c52c67ca0fc27.jpg,0,0,167,173,304
20251027_171440_jpg.rf.78227bcbde6bc6617c9ec9541c79f039.jpg,0,153,201,316,368
20251029_125014_jpg.rf.761be62c65109291c08116dcfba51673.jpg,0,168,33,593,285
IMG_20251027_170631_jpg.rf.1eed2f5f626968843ddadf6dd27e1232.jpg,0,135,72,264,165
IMG_20251028_164603_jpg.rf.233253edb5241370a84bce21b7151b83.jpg,0,248,146,439,264
IMG_2206_jpg.rf.20d19eddcb18fcbaefa30d18e4814f9d.jpg,0,220,189,443,433
20251028_163019_jpg.rf.c32e6ec0f2fcad6fd63b52eee18361c2.jpg,0,65,203,203,270
IMG_2289_jpg.rf.fbdd70574deb4c8285a506c8d9aa7597.jpg,0,158,180,256,278
20251028_164504_jpg.rf.3210f2e465c6051377620ee91b0a1ea4.jpg,0,11,87,426,346
IMG_2254_jpg.rf.9f8b670d793d004240e795ddea4dd300.jpg,0,163,188,446,418
IMG_1787_jpg.rf.d2dd393cbe55029e734ea4339d7fac54.jpg,0,225,147,295,239
IMG_1787_jpg.rf.d2dd393cbe55029e734ea4339d7fac54.jpg,0,260,40,286,66
IMG_2211_jpg.rf.f78957d4b76e9b276ef852029641d808.jpg,0,62,180,297,446
IMG_3306_jpg.rf.e7d1e3ed96b6118f81fd99c73ad36f5f.jpg,0,81,238,356,412
IMG_2202_jpg.rf.6404572f75f297fa16e13b2ad9031384.jpg,0,264,113,426,293
IMG_2305_jpg.rf.b44a816373ccc9b38cb48cb311ad5d58.jpg,0,190,275,290,409
IMG_2305_jpg.rf.b44a816373ccc9b38cb48cb311ad5d58.jpg,0,252,196,328,273
20251029_122104_jpg.rf.b8bca0ad119a2ca30022e5bea02ab437.jpg,0,32,158,444,409
IMG_2535_jpg.rf.654b12aad91151f7a16e462851ae2e40.jpg,0,188,211,245,269
IMG_1713_jpg.rf.bd4da6ccf146a128d67d79de30de815f.jpg,0,145,210,332,380
IMG_1713_jpg.rf.bd4da6ccf146a128d67d79de30de815f.jpg,0,26,45,123,152
20251027_171749_jpg.rf.67becf5bcf147f012ae270c1972b0537.jpg,0,168,115,271,253
20251027_171749_jpg.rf.67becf5bcf147f012ae270c1972b0537.jpg,0,279,200,379,334
20251022_151954_jpg.rf.da6b750544a72cad75e5ba9acc12926a.jpg,0,247,168,350,272
IMG_5919_JPG.rf.a4838dd89bb2d785b35617600ecd8f9f.jpg,0,320,185,413,252
IMG_5919_JPG.rf.a4838dd89bb2d785b35617600ecd8f9f.jpg,0,150,181,265,247
IMG_1739_jpg.rf.3b27109a546002658f299f8ee27c4663.jpg,0,66,183,373,456
20251027_165026_jpg.rf.2ef5ff84932111b549ee0ee67a0ff4ac.jpg,0,141,81,360,369
20251029_122443_jpg.rf.62d350222b0497ae7fa526b10b46996a.jpg,0,162,259,354,371
IMG_1796_jpg.rf.2298c0de749510edda4f7b78166772cb.jpg,0,58,141,169,224
IMG_2188_jpg.rf.e020a5064684c3042eb3f00bc8d930d3.jpg,0,158,215,371,440
571771884_2057268121693627_1785934019408053766_n_jpg.rf.f39586ff878bfca3c036e67d65545229.jpg,0,137,115,519,455
IMG_20251024_165147_jpg.rf.7bbb5223039a6ea4bfa69a2ec81165d6.jpg,0,51,36,211,254
IMG_5905_JPG.rf.1628c89a702e6c45f8de49d16294d36f.jpg,0,172,193,288,300
IMG_1782_jpg.rf.8603523645134de0a6a4efbff2b01cf2.jpg,0,161,72,263,175
IMG_1778_jpg.rf.dff5ef7b44b7376dcfe4cfb1021f65b4.jpg,0,354,57,469,145
IMG_2591_jpg.rf.b94bcdce16c716cee4ccb80a5d85d383.jpg,0,201,151,287,248
20251027_172410_jpg.rf.7472b277af3cc1eda7c783a1d81b09c8.jpg,0,166,248,315,419
20251027_171925_jpg.rf.3a8562a8052603cc920ca2f951e24918.jpg,0,195,183,399,456
IMG_2454_jpg.rf.ef31cae4503b4cbc938958c6d7f603a0.jpg,0,258,298,349,379
IMG_2454_jpg.rf.ef31cae4503b4cbc938958c6d7f603a0.jpg,0,139,144,171,170
IMG_2454_jpg.rf.ef31cae4503b4cbc938958c6d7f603a0.jpg,0,310,162,348,196
IMG_1686_jpg.rf.60d6c7fd1ac5cf0095f660464a135d3a.jpg,0,189,24,227,64
IMG_1686_jpg.rf.60d6c7fd1ac5cf0095f660464a135d3a.jpg,0,107,201,227,359
IMG_20251024_162224_jpg.rf.2e58eac72516867f39144144db44079b.jpg,0,3,138,211,445
IMG_0859_jpg.rf.eccf26c9b300d69c6c2b472d5e95e84c.jpg,0,212,231,329,364
IMG_5781_JPG.rf.27c6b0e7fc4aa1c52b587acc3dbfa051.jpg,0,0,141,276,365
Screenshot-2025-10-24-143753_png.rf.ecf884a06d9acf032cf12005ba2ca3cb.jpg,0,61,31,592,355
20251022_151711_jpg.rf.dee07247f41828cc3081a5bee11278a0.jpg,0,300,84,400,181
IMG_2539_jpg.rf.0cd7c6f2cb79d84fbd61005f2175e55d.jpg,0,176,293,322,448
20251028_170812_jpg.rf.af59d75d90a4b468b5ae17b9ac3c3aca.jpg,0,112,221,241,302
20251022_153208_jpg.rf.cd159c24ce664c8daa0e17834a6eaec1.jpg,0,228,64,455,327
20251022_152906_jpg.rf.7be07afbb38b8818c975182e62498677.jpg,0,268,140,447,282
Screenshot-2025-10-24-152008_png.rf.f44278a2a8c5cc00fe1239355d31b06b.jpg,0,74,36,485,609
20251029_123258_jpg.rf.864e94570df0ca698d370425bd730853.jpg,0,178,247,273,316
20251029_122356_jpg.rf.872e0f9b7f9b284edac1798aeef6606a.jpg,0,34,239,331,397
IMG_1024_jpg.rf.a5abe20b662662ea6eb971b4c23fb4ae.jpg,0,142,184,303,315
IMG_1750_jpg.rf.85ad7b7882699fec280ed93be59ed438.jpg,0,109,206,277,341
20251029_122357_jpg.rf.22a5391d20721ff079bf90171d4b0dfb.jpg,0,230,246,363,334
IMG_2383_jpg.rf.9398740a6ca8d2514a7afa32dc31ea9b.jpg,0,234,254,357,390
20251028_171454_jpg.rf.6ce495793dbbf1305a73b520a6997a5d.jpg,0,56,226,212,298
20251028_163451_jpg.rf.c92311be212f204c94f862038d1a89f0.jpg,0,206,270,316,336
IMG_2326_jpg.rf.702df3a7641e9777667fb13b1da5fb99.jpg,0,179,251,249,325
IMG_20251024_165401_jpg.rf.9e28afa0ee71507286f7eaec3c3fdcca.jpg,0,38,146,219,375
IMG_2338_jpg.rf.934743c6cc61d730ade6a38c4e24cd60.jpg,0,79,311,205,454
IMG_2338_jpg.rf.934743c6cc61d730ade6a38c4e24cd60.jpg,0,263,245,398,358
20251022_151355_jpg.rf.6c5922ce393a0223f62dccd92ff8a573.jpg,0,176,131,429,420
IMG_2398_jpg.rf.419072081f7c2f273df261bc305eb529.jpg,0,150,265,272,366
20251028_164235_jpg.rf.c23115bc957d0f018edbefdefb9f7fd2.jpg,0,218,165,291,222
20251028_162005_jpg.rf.eb8de01dbd5477667d35ed5bffdb9d4b.jpg,0,52,193,351,455
20251027_171802_jpg.rf.292fc97658f989c68712a340ab1f1dbe.jpg,0,169,102,320,307
IMG_5891_JPG.rf.8c45c2a0f79cc6f69710e3ac5847a51f.jpg,0,116,244,232,325
20251029_122250_jpg.rf.1ca83af4b7b80a8a98c9b0b77b70825e.jpg,0,222,235,370,355
20251027_170550_jpg.rf.4fa36eb74b395fc9de3ae0a870110b4d.jpg,0,67,141,252,309
20251027_170550_jpg.rf.4fa36eb74b395fc9de3ae0a870110b4d.jpg,0,121,15,247,106
IMG_20251024_160734_jpg.rf.ae438353af56d774885082dd166672c7.jpg,0,47,177,222,385
20251027_171019_jpg.rf.f7f4a47fce794974315444113ca1c48e.jpg,0,148,83,332,284
Screenshot-2025-10-24-150319_png.rf.d079a2cf0b1c981f050b55b7af21f939.jpg,0,34,31,445,593
IMG_20251024_160431_jpg.rf.d58d4bc553259b2e3b56dc813127f1e2.jpg,0,41,152,221,410
20251027_172047_jpg.rf.2df278644c74b7ff8c31cc06931a47bf.jpg,0,171,117,294,288
20251027_164542_jpg.rf.c952f3531f90453dcab757edf8e32dd8.jpg,0,179,117,384,395
IMG_2502_jpg.rf.4662d7b1940330d4dee0ed31f9d5eb72.jpg,0,194,215,239,263
IMG_2502_jpg.rf.4662d7b1940330d4dee0ed31f9d5eb72.jpg,0,230,182,266,215
20251027_164031_jpg.rf.a4c76eb76b4bba8f640c1b4211dcabcc.jpg,0,32,119,354,573
20251028_165911_jpg.rf.f10e4d005297c79c9185476d18879a08.jpg,0,183,135,360,224
574346860_4220931794899543_216258907570124097_n_jpg.rf.fd11e72baa71d1674cc9b3daf456d001.jpg,0,18,189,510,635
IMG_2924_jpg.rf.4bf4125bdc811d14cd2270decd0a772a.jpg,0,251,207,322,292
20251027_165547_jpg.rf.f3bca6ce67335fec86339fd5f331852e.jpg,0,176,99,317,209
IMG_20251027_172310_jpg.rf.1fa2407034a0ecccc82284688faf300c.jpg,0,67,167,154,230
20251029_122317_jpg.rf.d33d86e5ba53d43fe40093b3470300a1.jpg,0,184,221,430,361
IMG_1752_jpg.rf.e8aa1040c163ae1c7e1abc55e36f4d7d.jpg,0,123,182,244,261
571188406_1891625665098029_1120332535920826876_n_jpg.rf.e963f4d0d9fb55cd9366c6dbda094338.jpg,0,22,131,476,496
20251028_163820_jpg.rf.e15a63de884de0dc4845a0aae1689a29.jpg,0,93,164,207,229
IMG_2213_jpg.rf.d5c8dc890e7dcdbbb852e5b9690a90d8.jpg,0,167,196,364,397
20251027_170357_jpg.rf.c1b9adb61a962253ce3cfa473aeaad2e.jpg,0,146,129,437,359
IMG_2382_jpg.rf.b43d3c8dd44903bbaf8d709b1f78732d.jpg,0,181,168,295,279
IMG_20251024_165151_jpg.rf.880b7e357cacf98d82c1fe050ed4e1fd.jpg,0,6,3,91,99
20251028_082944_jpg.rf.8b6d3ae7a01a23e143f1f9acd22f88a6.jpg,0,82,227,400,415
20251029_124951_jpg.rf.4f3b71bb3b4cf614ef21d98ebd9daf55.jpg,0,109,84,554,342
20251022_151459_jpg.rf.8a4ed8e327acff53687b34a2846314bf.jpg,0,277,65,446,294
IMG_20251024_170310_jpg.rf.7ad25ad615516826140f7c1981fe1493.jpg,0,43,182,237,470
20251027_172257_jpg.rf.b19abf415f550d9fb4a5f5e9ada7a3fa.jpg,0,164,157,294,312
20251027_172257_jpg.rf.b19abf415f550d9fb4a5f5e9ada7a3fa.jpg,0,79,38,187,155
IMG_1764_jpg.rf.a47f012d6771c39d97b63f64efb61262.jpg,0,29,142,144,249
IMG_2503_jpg.rf.cc799d076942e539423d0f341344b6f3.jpg,0,196,207,244,251
IMG_2503_jpg.rf.cc799d076942e539423d0f341344b6f3.jpg,0,232,177,265,209
IMG_5815_JPG.rf.422274cac90aaf6d84c45aae4072d055.jpg,0,37,142,192,279
20251022_152942_jpg.rf.319a674874158350e3452abf87141b2f.jpg,0,164,69,375,295
IMG_2258_jpg.rf.b52ed98b369a1a865fe96b70e9829287.jpg,0,126,196,524,564
20251029_124822_jpg.rf.32b58f377e0fcda8eca5952b1757f91d.jpg,0,116,6,623,340
20251027_170611_jpg.rf.b4182bff24727cb2f6990e87496c4b50.jpg,0,102,128,245,237
20251029_090325_jpg.rf.edb9cc60e44da355dc2ac55ba3ec1a03.jpg,0,246,195,423,299
20251029_124331_jpg.rf.0faf483d0fa9fdb40acba3b20ef33772.jpg,0,123,22,381,159
20251029_124331_jpg.rf.0faf483d0fa9fdb40acba3b20ef33772.jpg,0,0,24,110,98
20251027_164030_jpg.rf.57f98215fc0946e8d948b5a347525cad.jpg,0,54,72,317,424
IMG_20251024_161144_jpg.rf.88ee16383ed980ce91c08d702110d1ef.jpg,0,54,119,199,308
20251029_122407_jpg.rf.e9116cb56e59dbe7c7214e18ae19a69e.jpg,0,169,264,256,309
IMG_2500_jpg.rf.2d0b4d7fa17424a8c31162c790ef9d71.jpg,0,192,299,290,414
IMG_2500_jpg.rf.2d0b4d7fa17424a8c31162c790ef9d71.jpg,0,294,204,335,245
IMG_2500_jpg.rf.2d0b4d7fa17424a8c31162c790ef9d71.jpg,0,260,174,290,202
IMG_5918_JPG.rf.f6a0c2441902f7ef579cd891bc67a685.jpg,0,122,251,263,355
IMG_5918_JPG.rf.f6a0c2441902f7ef579cd891bc67a685.jpg,0,402,129,450,173
IMG_20251028_162135_jpg.rf.7588f30ad69408355d3bf2106671ae7a.jpg,0,253,149,343,189
20251029_090552_jpg.rf.317a43b6e8bbd1a305814c406d7300a5.jpg,0,100,227,254,300
IMG_2493_jpg.rf.c238b1e5f69cd977dfda6c4a071b5b18.jpg,0,120,235,255,384
IMG_2493_jpg.rf.c238b1e5f69cd977dfda6c4a071b5b18.jpg,0,128,154,224,250
IMG_20251027_165618_jpg.rf.adc6df95baedf8d4360f2d3cd88a0846.jpg,0,52,81,148,152
20251029_123224_jpg.rf.8dd082650b40391f3224605265689ce8.jpg,0,114,194,182,253
20251027_171600_jpg.rf.6212bd957f6e7cbf2126632bebf467a9.jpg,0,162,173,383,415
IMG_1760_jpg.rf.b4dcc3daa169886e5d793822abbd1d41.jpg,0,270,166,380,299
20251027_171108_jpg.rf.d6f36693dd4909efb8c61621ffbade9d.jpg,0,203,156,376,381
20251029_124630_jpg.rf.21a10fe8a72eb47e8767f1c1bfd85b9d.jpg,0,150,147,283,232
20251022_151833_jpg.rf.54437f6a1cb211ea7bf35c3d15d66271.jpg,0,248,51,404,199
IMG_5827_JPG.rf.4856d3560a8525643b3537176b91d304.jpg,0,185,133,388,311
IMG_2435_jpg.rf.74d1cc51aee50d877dead7387a456342.jpg,0,70,311,193,430
IMG_2435_jpg.rf.74d1cc51aee50d877dead7387a456342.jpg,0,290,261,377,357
IMG_2435_jpg.rf.74d1cc51aee50d877dead7387a456342.jpg,0,307,95,345,130
IMG_2417_jpg.rf.c1270a3f5ba53c57926d6c19db147a98.jpg,0,248,205,342,332
IMG_2417_jpg.rf.c1270a3f5ba53c57926d6c19db147a98.jpg,0,194,125,261,203
IMG_2417_jpg.rf.c1270a3f5ba53c57926d6c19db147a98.jpg,0,304,96,370,158
IMG_3126_jpg.rf.499439d4eb71d2ec777c2101ff469309.jpg,0,252,310,479,480
IMG_2455_jpg.rf.a9566963c838887be2d4c0d4ecf1b420.jpg,0,233,351,344,497
IMG_2455_jpg.rf.a9566963c838887be2d4c0d4ecf1b420.jpg,0,83,293,186,402
z7166657951327_30b6cc5e0a82d9e24d4eff0465bd8ebb_jpg.rf.fc5d2d76db8c24ec528b917a2551a16f.jpg,0,16,256,480,501
20251027_171028_jpg.rf.4ac3f12e2313fb8537c00f3b04f30d26.jpg,0,146,54,269,204
20251027_164947_jpg.rf.d96f6895d812d1584760193f773f35b8.jpg,0,152,69,321,299
IMG_1800_jpg.rf.56555a27378b67f2a019c05e96077a4f.jpg,0,0,228,173,420
IMG_1689_jpg.rf.893ea606faf30a4cafa543198254db93.jpg,0,65,122,156,211
IMG_5913_JPG.rf.7872a37e8e32858e24f9291fb2e7618c.jpg,0,115,157,243,229
20251028_161810_jpg.rf.f0f443260af227fa66946a028fcccc34.jpg,0,161,198,398,399
IMG_20251027_165130_jpg.rf.f20a4c4fbff0e1898140e86ed83cf8f7.jpg,0,342,94,594,273
IMG_5807_JPG.rf.58d626ce32285395d66de7371dd5cac5.jpg,0,209,83,311,204
20251027_170827_jpg.rf.36425b700663200628f0548bf0908b52.jpg,0,257,78,389,262
IMG_0813_jpg.rf.9bee54571eb2f6cca606b15be4b9f626.jpg,0,144,239,304,353
20251028_163823_jpg.rf.9b6abb6875868f118b4599d4c6ab0f72.jpg,0,113,136,181,193
IMG_5837_JPG.rf.20e443a958f98f14dc1c1566adcdef08.jpg,0,156,248,211,292
IMG_1759_jpg.rf.483a1e9c44f903bdd4441d6551230a33.jpg,0,48,127,161,251
IMG_2228_jpg.rf.8e5683f87b7f1cf28268dfaf24acec53.jpg,0,243,300,392,447
IMG_2578_jpg.rf.acea7cdc5dd964785cf3bc0d58d34ba4.jpg,0,245,265,358,404
571124102_2057268158360290_1265617638495696623_n_jpg.rf.287b0b400b903d63bbb5a576a76559b2.jpg,0,60,187,561,440
IMG_20251024_161118_jpg.rf.8695568047a2db3da80d250179c007e9.jpg,0,53,112,259,429
IMG_2194_jpg.rf.ad51c4def98f41ec312ee08132a46049.jpg,0,341,177,575,438
IMG_2194_jpg.rf.ad51c4def98f41ec312ee08132a46049.jpg,0,66,76,297,289
IMG_2248_jpg.rf.2c187af8017492b2c60405f682bea601.jpg,0,193,132,440,431
20251027_171531_jpg.rf.377d8592a467a5398e786a94b694b488.jpg,0,209,250,382,451
IMG_20251027_171731_jpg.rf.8c1dcc50de1cd81bb6ce1a3746f6bac8.jpg,0,204,117,378,231
20251029_124843_jpg.rf.cc40e55eb10863829379e4921c6e0517.jpg,0,213,161,459,273
IMG_2619_jpg.rf.15fc905af756e08b5294065790f5c850.jpg,0,185,192,249,271
IMG_2619_jpg.rf.15fc905af756e08b5294065790f5c850.jpg,0,199,129,251,179
IMG_2619_jpg.rf.15fc905af756e08b5294065790f5c850.jpg,0,129,133,172,184
20251029_122316_jpg.rf.ec1b35295cfe4ae4df3ab0e49410981b.jpg,0,117,206,459,382
IMG_2183_jpg.rf.2c6acd5740898059da7bc8a9e7e36a0c.jpg,0,90,260,369,524
IMG_2232_jpg.rf.95fd42f77b800c3bbcf5f17e3303b824.jpg,0,131,188,298,348
IMG_2368_jpg.rf.e90fd8cd6506b7367c3d680ae366dc41.jpg,0,120,353,211,438
20251027_165950_jpg.rf.9346093081c60ec8621bbfd221621a34.jpg,0,165,122,319,366
IMG_2413_jpg.rf.1ebf302336df2346ecda1677e1c3e2b3.jpg,0,133,76,344,386
IMG_2360_jpg.rf.be71cc0870a4948b947f15bbd7360b4c.jpg,0,81,143,156,208
IMG_2408_jpg.rf.e5b6e91db1aa9c32f4e049b19b6598c3.jpg,0,245,378,315,450
20251029_124640_jpg.rf.21eb12c0ee228bc3d31ad345d0a516b1.jpg,0,49,98,266,241
20251022_151603_jpg.rf.b8897ce6e7ffd777194799d70749534d.jpg,0,174,81,381,367
Screenshot-2025-10-24-151948_png.rf.18d70c8337a33e676b2df4f320fa4612.jpg,0,41,20,463,601
20251029_124803_jpg.rf.0f51d818c4920f9de85709311e99e150.jpg,0,102,93,357,249
20251028_170520_jpg.rf.f86686a7a0dacf53d768dcf25ced0e1d.jpg,0,117,254,335,400
IMG_1681_jpg.rf.42a3d7b1bab82e4e3575a59b65280c74.jpg,0,225,179,341,345
IMG_5897_JPG.rf.3f2956938fd5e11fcd2b716540081eeb.jpg,0,0,118,464,475
IMG_1721_jpg.rf.541d4b8853f0d9b11672f233b94e8faf.jpg,0,134,86,227,200
20251022_151508_jpg.rf.8a81060e6a923e85f5a32e2bf9a9fbcc.jpg,0,40,0,329,304
IMG_1745_jpg.rf.5b4c59839a908af92019f827436dab5a.jpg,0,156,242,281,325
20251028_164804_jpg.rf.efed7d6a64b1cce9d10dd890b6463da7.jpg,0,442,140,557,234
20251028_164804_jpg.rf.efed7d6a64b1cce9d10dd890b6463da7.jpg,0,322,146,398,199
IMG_20251024_163137_jpg.rf.245d86affb1a4034f78dc645c522c616.jpg,0,23,131,288,444
IMG_2231_jpg.rf.fdfc998326d72b4181fcef7c2d4ff983.jpg,0,0,247,218,517
IMG_1735_jpg.rf.f397ffe57728f7719aeef60e72e6a239.jpg,0,94,191,343,513
IMG_2793_jpg.rf.9de4c18bbe82650db4a3cebd8db00014.jpg,0,294,148,387,207
20251028_160952_jpg.rf.9c29ff428865c1f38b000c8f82b21a9a.jpg,0,163,233,338,388
IMG_2801_jpg.rf.26812b3fe47a2ffe842463f3cfdd8a5c.jpg,0,160,58,209,120
IMG_3298_jpg.rf.f1440c7c9b23652b29ab66bd1f7d8840.jpg,0,98,227,412,403
IMG_5922_JPG.rf.a018ec5b72b612c7116a9b75c713a9f8.jpg,0,35,371,159,514
IMG_5922_JPG.rf.a018ec5b72b612c7116a9b75c713a9f8.jpg,0,239,224,306,284
IMG_3250_jpg.rf.060580732fa567e52f854f56645627b6.jpg,0,215,252,381,334
20251028_170709_jpg.rf.e1a9511d199cacbbc424325b43743ada.jpg,0,82,224,263,329
IMG_1703_jpg.rf.916b41fdc2895cf2a098d63fd4a18385.jpg,0,238,231,374,354
IMG_2293_jpg.rf.d0b237601d377bb813a06b9101ed3821.jpg,0,199,135,265,209
IMG_2293_jpg.rf.d0b237601d377bb813a06b9101ed3821.jpg,0,248,98,305,151
IMG_2660_jpg.rf.1303033d35c091b3663d43acbfea41c1.jpg,0,241,316,366,460
IMG_2660_jpg.rf.1303033d35c091b3663d43acbfea41c1.jpg,0,182,200,235,256
IMG_2883_jpg.rf.cb88dc1a4c9984c10a6fffd378772907.jpg,0,278,142,373,239
20251027_170647_jpg.rf.cb4edae79b008b151388147054622075.jpg,0,185,68,300,238
IMG_20251024_160745_jpg.rf.f802c51c28650d11d2501fd5c1e57b2b.jpg,0,45,77,225,302
IMG_2648_jpg.rf.0e49cb4be876c1b9f63774527908227e.jpg,0,158,243,261,381
IMG_3022_jpg.rf.de187c77a29ab1e14da35492a83e020c.jpg,0,65,280,261,396
20251022_151943_jpg.rf.4e682e64f0dfd12a60cf63894dbd9792.jpg,0,212,136,374,328
20251027_170612_jpg.rf.c75a12926121039a60a205103c17caa7.jpg,0,148,121,325,249
IMG_5816_JPG.rf.022433975d5ede88260d2eab306de3d9.jpg,0,173,166,328,296
IMG_20251028_164235_jpg.rf.51fdca970f768e6f078deae3c7d41c74.jpg,0,321,138,429,204
20251027_170355_jpg.rf.e591fbe023998a2766b941573138ac1d.jpg,0,111,120,367,322
IMG_1793_jpg.rf.f8f1216415735fa7197904ff49099fc4.jpg,0,209,102,276,186
20251022_151953_jpg.rf.b0d351bfcf67a6f166c95fbc44484701.jpg,0,248,141,344,234
IMG_5798_JPG.rf.e1a2d66d691b283ba760f43eb0fa3627.jpg,0,179,231,345,364
IMG_20251024_162228_jpg.rf.3aba3f901204190a992d7b6a9083bb55.jpg,0,22,114,249,417
IMG_2178_jpg.rf.4bcb966c05542de0b86c0cf9a36f0dde.jpg,0,231,171,409,440
20251022_151713_jpg.rf.9486af98795ace5c0742c0e2a0dba091.jpg,0,135,129,404,392
20251029_123100_jpg.rf.f579c9a4ddd87303d74b5ebefefc1f73.jpg,0,54,251,185,332
IMG_0911_jpg.rf.02f4bdffa8269fc7df1b896c6add5e1e.jpg,0,130,241,275,324
20251027_162833_jpg.rf.16ef9938f8cd9e6443d2311f0b678fe6.jpg,0,67,38,322,291
20251029_123938_jpg.rf.4725253421df995fee5ea539de456ebd.jpg,0,117,164,281,308
20251022_152253_jpg.rf.9f1d8ab9702ee16d1dc7fa4694d39479.jpg,0,168,27,366,260
IMG_2255_jpg.rf.b4512697b4081b9883c9fc1e8fcd0c16.jpg,0,31,111,458,523
20251029_124153_jpg.rf.c2e4365d3857c7b678c5d05cc5c527cf.jpg,0,111,192,394,445
IMG_20251024_161453_jpg.rf.c9da5fb5ea219958c2816ef9f1de9b14.jpg,0,78,185,251,433
IMG_5823_JPG.rf.1243cc1b8d0610134ba73efea10144fb.jpg,0,161,142,286,238
IMG_2450_jpg.rf.21b673dce94e50a72ae9185aba8613e3.jpg,0,260,164,335,243
20251027_170122-0-_jpg.rf.e0079e4f31ddb4c48985795150fa715c.jpg,0,180,114,351,239
IMG_5788_JPG.rf.d537fda9619c1cf42e8abc35a8150ceb.jpg,0,220,214,325,327
IMG_5788_JPG.rf.d537fda9619c1cf42e8abc35a8150ceb.jpg,0,295,106,345,158
20251028_161743_jpg.rf.cebdff6b5e647291846bd473257f9f42.jpg,0,11,129,461,515
IMG_1784_jpg.rf.9f0b97b684024cd43d8124307b405dac.jpg,0,107,50,186,126
IMG_1784_jpg.rf.9f0b97b684024cd43d8124307b405dac.jpg,0,146,0,198,48
20251029_123953_jpg.rf.1ae44041d74ecc14473a289700d8657c.jpg,0,146,188,319,330
20251029_125128_jpg.rf.89819f30533ee7a97b977ec2c7053e0d.jpg,0,91,260,214,323
IMG_2372_jpg.rf.746561b148e3c60e3b9524407634d1ee.jpg,0,215,292,308,386
IMG_5813_JPG.rf.fa3bc7f9b30ef4bca5244b4611673fed.jpg,0,209,125,270,182
IMG_20251027_165200_jpg.rf.8836158a19b5eee71c23ccbb96e01b29.jpg,0,45,81,156,177
IMG_3211_jpg.rf.55494abe6526c41541ab44032a8755b5.jpg,0,184,261,268,308
20251028_170409_jpg.rf.3f4ffeea3c85ad25867275acbbb79134.jpg,0,176,182,373,341
IMG_20251028_164601_jpg.rf.9572de9c9788e1d3defd41c4f680f3ee.jpg,0,249,146,449,263
IMG_2621_jpg.rf.29bde740be496b30d65ef41925de09ad.jpg,0,181,265,272,405
IMG_1771_jpg.rf.cf39dccbd9e9cbc6c6caa210b4b00c47.jpg,0,172,138,291,231
IMG_20251027_164218_jpg.rf.3aecae292952e14cbdca2d672976524f.jpg,0,110,195,207,270
IMG_20251027_171442_jpg.rf.8df37584e75a415cad10ec4722942036.jpg,0,303,171,494,288
IMG_2394_jpg.rf.32d41d54be99492ce5b703dd94820019.jpg,0,160,218,303,441
IMG_20251027_171933_jpg.rf.db1ce3de29f38b8e0be4ceff25c8bd75.jpg,0,73,165,281,287
IMG_2260_jpg.rf.838dc7280975e49ac40bfc0583e77d4a.jpg,0,113,129,447,433
20251029_125819_jpg.rf.bf7db617325c35949f42c4f3fa7f30d9.jpg,0,67,221,353,407
20251027_165720_jpg.rf.89fc4c93439c6086f0b5296970252808.jpg,0,190,102,319,260
IMG_20251024_160700_jpg.rf.4ce11b2b1199ceec40388eb66db6ddb1.jpg,0,25,134,228,366
IMG_5786_JPG.rf.a9daa33cd5852e9f38180ede2253dc00.jpg,0,170,95,302,263
IMG_5786_JPG.rf.a9daa33cd5852e9f38180ede2253dc00.jpg,0,40,41,162,180
20251027_165949_jpg.rf.944b071b8730c27c731fa473aae502e9.jpg,0,157,97,298,299
20251028_170629_jpg.rf.af43d9ed38aafbe415ade04a0d8e0ea6.jpg,0,62,277,185,351
20251028_165528_jpg.rf.b70118c0bcf6ca57a660aabe89774055.jpg,0,301,179,407,244
20251028_165528_jpg.rf.b70118c0bcf6ca57a660aabe89774055.jpg,0,443,185,508,234
20251027_171527_jpg.rf.c88101d7d838b76347be5dd136eabc4b.jpg,0,177,183,280,298
20251022_152538_jpg.rf.3c424eaffd8784415af689fdeaf4c4fc.jpg,0,74,150,448,492
20251028_162827_jpg.rf.2a9096e8098f08ebfed807969df8c299.jpg,0,65,127,218,231
IMG_2463_jpg.rf.b93d83a8ef6c27e346ebeed711908ed2.jpg,0,174,247,323,398
IMG_5783_JPG.rf.96e38fef5b38fd777a7a7764aa4757dd.jpg,0,199,156,318,302
IMG_5783_JPG.rf.96e38fef5b38fd777a7a7764aa4757dd.jpg,0,95,31,183,106
IMG_1700_jpg.rf.94374e10a6ac1068c38e2c28543699be.jpg,0,153,196,289,302
20251027_172201_jpg.rf.93909a1d878ba2ce56f6bbc92b0e505b.jpg,0,99,98,197,205
IMG_2802_jpg.rf.4d6dd6e3c57fe3f63b9c82f63696851e.jpg,0,356,135,434,223
IMG_20251024_165903_jpg.rf.9fbd28862617edf1573f3a88bbb17ba9.jpg,0,126,36,271,191
20251029_123909_jpg.rf.2500f6c750120a644a581d4491bd915f.jpg,0,120,98,276,228
Screenshot-2025-10-24-145440_png.rf.ab5661c07647501d71f8369b731772d0.jpg,0,106,10,537,437
20251029_091122_jpg.rf.d034f48d4a2f4fc153a54337963751b1.jpg,0,132,166,480,391
IMG_5820_JPG.rf.476f475bc893cf9c617a83b553f97577.jpg,0,102,227,202,297
IMG_5820_JPG.rf.476f475bc893cf9c617a83b553f97577.jpg,0,236,204,317,269
z7166660518738_6080683c646396cb2f567b78e2e2c127_jpg.rf.811618be9e52f9c7ebb49bed37d2cfc8.jpg,0,180,248,479,467
IMG_20251024_162204_jpg.rf.00cdbdd924d113a95b2caf186d010d99.jpg,0,23,73,275,472
IMG_1416_jpg.rf.81163f22f6151ae5e4bc654d6a5601bf.jpg,0,137,134,283,282
IMG_2412_jpg.rf.3e24fe28759b72a4f05773d0fb064282.jpg,0,159,174,233,260
IMG_20251024_162633_jpg.rf.06bb5f1870d2e1c22dd61b932a9b8e74.jpg,0,44,66,254,324
IMG_2323_jpg.rf.884f497dd9dc702021c11da08b297994.jpg,0,192,271,251,344
IMG_2323_jpg.rf.884f497dd9dc702021c11da08b297994.jpg,0,247,235,300,288
IMG_2308_jpg.rf.d895c683444dcde0ab3953e12f10737f.jpg,0,194,175,325,289
573449954_2617273255307044_4356658344573088549_n_jpg.rf.7e29c6a5fb841594663019b775ec2f4b.jpg,0,131,74,569,442
IMG_1033_jpg.rf.fff70c754ecdf09aa10b1c50c701ac39.jpg,0,125,223,299,339
IMG_1792_jpg.rf.234dd2401cbdbccd03b249fbdaac403a.jpg,0,245,131,299,195
IMG_1792_jpg.rf.234dd2401cbdbccd03b249fbdaac403a.jpg,0,131,164,207,251
12313213-5a13f153135sa_2121a-35d1355a1s5512-2332_jpg.rf.f6a35765796779ff6d8a4d932458235e.jpg,0,56,39,631,358
IMG_2256_jpg.rf.80282fed9cbc6f449348787b4f997c6c.jpg,0,48,251,408,509
IMG_20251027_170138_jpg.rf.434ff121de3dac9472cbeb909bca3778.jpg,0,93,124,281,260
IMG_20251027_170138_jpg.rf.434ff121de3dac9472cbeb909bca3778.jpg,0,0,84,106,177
IMG_20251027_172318_jpg.rf.73e5e73e1de47111b8f636608fd687f5.jpg,0,29,172,126,242
IMG_1714_jpg.rf.d0595fcd21c4781bb18a3f325d03d0ab.jpg,0,182,81,340,213
IMG_1714_jpg.rf.d0595fcd21c4781bb18a3f325d03d0ab.jpg,0,192,2,276,81
IMG_1727_jpg.rf.3b5752f4aaf6ff2eac0a11b4c10ae4d0.jpg,0,33,45,303,272
IMG_1810_jpg.rf.6d68013ab9174481dd990c47ec5773f7.jpg,0,155,86,241,145
IMG_5868_JPG.rf.54e51b5abb4608d270b3263cc03a1d41.jpg,0,5,199,252,353
IMG_1696_jpg.rf.a2d502a2068ae6081149eb49be0c87bc.jpg,0,119,211,437,525
IMG_20251027_170008_jpg.rf.972c6b2d8da9bffe8641565f75e59ab0.jpg,0,405,87,539,252
20251022_152043_jpg.rf.5244366d0c505bea2cd22c0b4471873b.jpg,0,205,265,480,500
IMG_2695_jpg.rf.d345a4d3803dc20e057b48651f99eaea.jpg,0,174,274,276,435
IMG_2695_jpg.rf.d345a4d3803dc20e057b48651f99eaea.jpg,0,168,161,238,249
20251029_124939_jpg.rf.8815b2b4a82ff6ccbfc1714aa61740bf.jpg,0,95,35,486,292
20251028_170530_jpg.rf.db80f713566fb9d210632a1dede82a46.jpg,0,142,235,357,371
z7166656586563_92d4c25ad523c5ffad3a49d201a1a3cf_jpg.rf.b539991e873d9daf12b8be0f1fe592b3.jpg,0,22,139,600,408
20251028_162606_jpg.rf.af02c4779ab4fba7480df0c956198718.jpg,0,39,156,169,249
IMG_2598_jpg.rf.69ded256b7bd63bc35f924fda8c8ddc3.jpg,0,218,329,327,458
IMG_2673_jpg.rf.b333e19d759403918828d8e77e2f7f22.jpg,0,202,233,275,326
IMG_20251028_165531_jpg.rf.536bc1545e6e63ea80ecebf18d23d891.jpg,0,91,136,237,221
571248033_122269533260221675_2948258973119209618_n_jpg.rf.55fe223ba5f7def1c4b349471a169ea4.jpg,0,20,24,592,467
20251022_151439_jpg.rf.4508df1b18fb252b89ee094c973046c6.jpg,0,274,130,441,274
IMG_1211_jpg.rf.c0433f71a6827a5b230c69aba7d8c269.jpg,0,64,160,305,332
IMG_2366_jpg.rf.67b28cecc68b4bd10f37a79f8936887a.jpg,0,229,330,368,469
Screenshot-2025-10-24-144238_png.rf.82ea74cc9ef195100d11c2f661d897bb.jpg,0,54,44,610,579
IMG_5893_JPG.rf.ae8be9e337f9916a0996d442d0f1348a.jpg,0,0,120,412,432
20251022_152926_jpg.rf.5852710576042f010004bd694993e82e.jpg,0,220,67,358,224
IMG_2867_jpg.rf.221e5ef885e7531e526b745fc769d180.jpg,0,81,147,165,246
IMG_1790_jpg.rf.d8e2f786ad86e1e30e874d1f69ad9180.jpg,0,131,58,190,124
20251027_171729_jpg.rf.c9be0b1a748b39420183e9d05706a1a0.jpg,0,171,143,326,346
20251028_163257_jpg.rf.164ec9c8beabccee59e1f703eca2b758.jpg,0,321,175,436,274
20251027_164623_jpg.rf.b18ea1f1bcc730c0701ac4ed7e230c98.jpg,0,63,143,273,407
IMG_2190_jpg.rf.5ad37f372deb2b502f0d73896ab7b8e8.jpg,0,202,126,400,349
20251029_125604_jpg.rf.fc82e08aef289a84477b721c99cc91ea.jpg,0,111,141,298,258
Captain-Electro-VinFast-VF-3_webp.rf.ea9540d29c7cb1eab3ca7b39cc1abc8d.jpg,0,68,6,601,345
20251028_162842_jpg.rf.de4043aeabeda8127937c400bc262038.jpg,0,74,126,422,307
20251028_162607_jpg.rf.fd80d01722e00797dfbfed59395c576e.jpg,0,22,138,212,267
IMG_2222_jpg.rf.810a917c1496ffa41360c92167d9801f.jpg,0,187,188,276,278
IMG_2222_jpg.rf.810a917c1496ffa41360c92167d9801f.jpg,0,257,357,432,545
IMG_2426_jpg.rf.8b66a13d4a86bfbb30526cef11e7f7de.jpg,0,196,174,288,275
IMG_2573_jpg.rf.93db4d8627ec2a7315ba03f76306bdfb.jpg,0,96,270,149,310
IMG_2573_jpg.rf.93db4d8627ec2a7315ba03f76306bdfb.jpg,0,213,258,247,289
IMG_2257_jpg.rf.189edd389f082e3168df34801c187c12.jpg,0,23,248,413,517
20251027_172038_jpg.rf.2832e695f686efb52dafa1c58ec3883c.jpg,0,146,208,262,303
20251028_165210_jpg.rf.673049752f54632e5fe5b288e541fe56.jpg,0,207,135,420,247
IMG_2198_jpg.rf.cb05ff86295145c0fbe102748afd90c7.jpg,0,192,150,386,388
20251029_124619_jpg.rf.304f57f3dcb18531c1a8a326a8583e07.jpg,0,219,152,354,245
20251028_083730_jpg.rf.f28d5e94ed0e72342b077d0f176d6d69.jpg,0,135,223,388,390
20251023_155007_jpg.rf.267b0b6aa2bd3a95423d8e6326517be2.jpg,0,225,25,368,140
IMG_2710_jpg.rf.76293e196795e40523c8c0b27be1d58b.jpg,0,186,261,277,342
IMG_20251024_164453_jpg.rf.ac6f9b944e854c7eceaa125b2c4b1c90.jpg,0,62,85,213,211
IMG_2212_jpg.rf.477354401a53b415dc15ca36c26ef25d.jpg,0,105,179,426,599
IMG_0772_jpg.rf.d073e6ef01129aad255212724220f3e2.jpg,0,366,159,563,306
IMG_5847_JPG.rf.3d32bb4e1bd1efae8d759a0259396939.jpg,0,91,137,250,255
20251022_152036_jpg.rf.09d6caeffc912abdbdad93d289963df2.jpg,0,173,228,360,456
IMG_1302_jpg.rf.db05ccd1e85049d2b9c018380a115530.jpg,0,97,123,346,364
IMG_3053_jpg.rf.5c1166da92169dc0014dd476c4bc4b24.jpg,0,136,277,210,322
20251027_172329_jpg.rf.9b4e38374d9095dcc4285f2cb5b9cd4c.jpg,0,141,146,299,348
20251029_085824_jpg.rf.6c973548125a8cf673ad3dab9b64a8c1.jpg,0,107,160,280,269
IMG_20251024_162055_jpg.rf.49a9e8b7a8ca4800e39f1c9cc5955a6e.jpg,0,42,124,258,435
20251028_165047_jpg.rf.cf0432640af5060dcf892a24b82a65a8.jpg,0,218,182,312,233
IMG_2419_jpg.rf.5f65ee133325b11391b8e80edf83ea7f.jpg,0,190,204,360,358
IMG_5896_JPG.rf.f5f37224a89f52cab019a5924e6fafd8.jpg,0,76,194,250,305
IMG_2445_jpg.rf.d54e0007b264afa3cc3552fce30fe036.jpg,0,118,252,199,336
20251027_170904-0-_jpg.rf.8312da9111f914312fb445eb6d8f8f9d.jpg,0,209,56,328,213
IMG_1044_jpg.rf.b39fa4a0bc9f24a4294612f9dc884a51.jpg,0,42,127,480,451
20251028_161755_jpg.rf.582e2e706c2d21f283af95041fc10c98.jpg,0,79,193,331,348
IMG_5879_JPG.rf.3896aa450ab9341a566a03fa8182c922.jpg,0,122,190,343,321
IMG_5879_JPG.rf.3896aa450ab9341a566a03fa8182c922.jpg,0,15,191,134,265
IMG_5882_JPG.rf.8762479e52eb82838c24cf01f3f83df0.jpg,0,106,168,265,282
IMG_20251024_162707_jpg.rf.94caeef44259e292846105a6401a8a26.jpg,0,36,112,266,413
IMG_5916_JPG.rf.6ab69a141f09fb13ad0d228cb62a4d38.jpg,0,156,183,294,276
z7166658227443_df6f6d5a52fc5993f17004ab7d0ff29b_jpg.rf.65713e43e260e681ba9b99a780ada723.jpg,0,24,284,427,491
IMG_20251027_165302_jpg.rf.faeb8b16755bb4c5256d41c2a9a32921.jpg,0,15,79,132,170
IMG_20251027_165423_jpg.rf.82eb5299310328510a7ffcee29ad37ba.jpg,0,90,129,296,281
IMG_20251027_165423_jpg.rf.82eb5299310328510a7ffcee29ad37ba.jpg,0,11,80,128,158
IMG_5908_JPG.rf.8b88ddd7dd13f3eeee7d7e127c15cd96.jpg,0,356,272,465,391
IMG_2708_jpg.rf.bf333e79afa0387d55da28f677fb4294.jpg,0,209,255,321,373
IMG_2708_jpg.rf.bf333e79afa0387d55da28f677fb4294.jpg,0,74,136,120,180
20251028_161522_jpg.rf.1b916d8bc71a614c94426f8dac5fa0bd.jpg,0,88,214,304,374
IMG_2334_jpg.rf.3b74465007876993e8adbe36f5267fb1.jpg,0,248,242,333,352
IMG_2334_jpg.rf.3b74465007876993e8adbe36f5267fb1.jpg,0,37,197,117,282
IMG_2344_jpg.rf.ffef689e2d212dc33f8866f4abc8c4b2.jpg,0,130,111,299,353
IMG_2734_jpg.rf.87ff7ecf9bdcc3de6cc425b8508f66f5.jpg,0,233,108,291,165
IMG_1692_jpg.rf.51f8677f2e27baeb1c31fb5547ca0c7a.jpg,0,150,125,265,292
20251028_160942_jpg.rf.7b666a8ae7de2bede857be990daa5845.jpg,0,108,209,381,455
IMG_1791_jpg.rf.112db6486cd4ddee98173f7e4debdb34.jpg,0,206,129,281,231
20251022_152907_jpg.rf.2f3d6ab4bfbb5d8e71575b954d9806bb.jpg,0,210,120,439,314
IMG_2389_jpg.rf.f3489169b3a74311a6e35933252bf9f2.jpg,0,160,214,250,307
IMG_3074_jpg.rf.30bb09e7411f0c2e30d0164f9a7a5bc3.jpg,0,277,259,366,315
IMG_20251028_165534_jpg.rf.46d0de856aee384516e32a6e1e71e5c7.jpg,0,207,144,253,181
IMG_2315_jpg.rf.05f1eb3de7c0a0f1b9852f660f7b7d75.jpg,0,168,324,352,601
IMG_2315_jpg.rf.05f1eb3de7c0a0f1b9852f660f7b7d75.jpg,0,218,95,297,184
IMG_1685_jpg.rf.962441f22b510a60a282260cbb3cd31a.jpg,0,159,212,263,356
IMG_2385_jpg.rf.257c0bb7ca657389cf69b4e90f055a84.jpg,0,143,248,281,365
IMG_2690_jpg.rf.b131b1d59a38d2e7e81f2fa4974d8d14.jpg,0,122,257,193,332
IMG_2279_jpg.rf.6d87f4f3494e04e11fde8f34f5550f33.jpg,0,121,190,415,521
IMG_2902_jpg.rf.b7706cfbe9232ca97ec7330d06db2d52.jpg,0,232,0,342,139
20251029_122449_jpg.rf.716b70129ed83c2635a6b036b8885705.jpg,0,142,255,331,409
IMG_2328_jpg.rf.a91cb10028b8469f2de5b01424ff9f99.jpg,0,314,337,470,486
IMG_20251027_171021_jpg.rf.40c576bcc2a487a0f12e91e4a1e6677f.jpg,0,205,70,414,208
IMG_2207_jpg.rf.132042c46aa63d06ed3048a8e42f570f.jpg,0,226,62,446,364
IMG_2427_jpg.rf.4c29b8586105d0d009acbca8c015ff5d.jpg,0,152,176,216,242
IMG_2577_jpg.rf.00a87476ec738fb30a8fdf4067c7df7a.jpg,0,193,91,243,145
IMG_2317_jpg.rf.c60ca67880a4fc827d586ea1104e0b8e.jpg,0,156,306,277,477
20251028_164236_jpg.rf.c22a3aba848923f4b3c7b935521154bf.jpg,0,226,161,334,245
20251029_090204_jpg.rf.70d50822834bdb89a81b9c0848e9069c.jpg,0,134,214,298,323
20251029_124522_jpg.rf.2e71e28951406bdcbf3f3bf5ccb5092a.jpg,0,163,119,456,278
20251029_124522_jpg.rf.2e71e28951406bdcbf3f3bf5ccb5092a.jpg,0,419,100,584,197
20251029_125314_jpg.rf.893e1c41927c7d418ba728cf9b180d4e.jpg,0,130,187,245,262
IMG_5855_JPG.rf.b60e69fdf8f586cb0f0c33d1a48b1233.jpg,0,77,178,278,311
20251029_125344_jpg.rf.cedfedf3b69ddbd0094ad29159a6dae7.jpg,0,75,168,274,269
IMG_2364_jpg.rf.c5972e1ed326b0960cf1bee05c3f1c9e.jpg,0,124,256,240,354
IMG_1753_jpg.rf.91d5db9d672d874e96a631c9d350509c.jpg,0,173,212,292,307
20251027_171526_jpg.rf.b40ad29c476713f102fe67aa188ca9da.jpg,0,193,172,281,262
20251022_152515_jpg.rf.7c7def40e83b41f7af8b193b549de961.jpg,0,105,165,404,358
20251028_163825_jpg.rf.e90b333f34810382b337abc607fb3a7d.jpg,0,140,135,264,217
IMG_2354_jpg.rf.d641527e3349c43989ae2bb6b72ddaca.jpg,0,211,240,307,338
IMG_2354_jpg.rf.d641527e3349c43989ae2bb6b72ddaca.jpg,0,65,195,130,256
IMG_2691_jpg.rf.e8e06e602da910a5ea4f420ee09cf8c5.jpg,0,335,246,403,306
20251027_171934_jpg.rf.c518ce80610dd2ad90367946df021c16.jpg,0,130,178,329,441
IMG_20251028_162526_jpg.rf.e20f1fba3edddb87d04235d7e823e06e.jpg,0,408,102,440,127
20251028_161323_jpg.rf.de5e167066f3742b9ca245745e91d6e6.jpg,0,122,145,420,412
20251029_123054_jpg.rf.153e3b31442a075d9735f95e1bc8e1a0.jpg,0,205,240,407,355
IMG_20251024_170210_jpg.rf.7babedc20ada9bb481b11c1579c9c1a0.jpg,0,77,147,198,285
IMG_5865_JPG.rf.e1fc9c86da507a68a45e5cebc7fa4f45.jpg,0,141,215,246,294
571520977_122178233282469353_6872403327286890653_n_jpg.rf.bc9d89fd6b71ab520b3e4e7f54ed211e.jpg,0,94,28,567,432
IMG_20251024_161248_jpg.rf.8a208ea3e12a43f0e99450d33ea70c09.jpg,0,0,116,255,463
20251022_151354_jpg.rf.cf8735776b7033c37ffd6b222f5bf8fb.jpg,0,213,100,443,356
20251029_124616_jpg.rf.ab5ca27652de45054040ed216d0b8325.jpg,0,155,45,388,202
20251029_124616_jpg.rf.ab5ca27652de45054040ed216d0b8325.jpg,0,41,21,139,94
IMG_20251027_171725_jpg.rf.17b5725c06bd8f3d9409ea52bca1345f.jpg,0,115,91,249,182
IMG_2722_jpg.rf.6021bbbc6cf82881f77246de9683d306.jpg,0,237,313,359,478
IMG_2722_jpg.rf.6021bbbc6cf82881f77246de9683d306.jpg,0,115,269,217,372
IMG_5830_JPG.rf.24ec3a12cea7e9f4c710c65118308e3c.jpg,0,160,240,312,342
z7166657597386_92f4ce68630c8a1900cab82bff67bfcf_jpg.rf.a57948a3ddc169d30361bbede1446488.jpg,0,138,276,448,520
20251027_165749_jpg.rf.0c0268c60815ba9454f2f8371401d4d3.jpg,0,221,146,368,381
20251027_171734_jpg.rf.4bac30898583ad2e25038ffaaa81f865.jpg,0,184,216,355,461
20251028_160755_jpg.rf.ebd75fc18c9a8281da61e4f678d8ac8b.jpg,0,91,145,479,506
20251028_165532_jpg.rf.e0aa64c8f4d1e43d9076923cc052229a.jpg,0,208,176,436,305
20251028_165532_jpg.rf.e0aa64c8f4d1e43d9076923cc052229a.jpg,0,514,186,627,264
IMG_20251027_165402_jpg.rf.ce8d0e3baa8b14c1bf71762221680ad0.jpg,0,5,66,152,167
IMG_5915_JPG.rf.57ddeb9a654606e1d0a5c89d130846ec.jpg,0,116,226,279,337
IMG_1031_jpg.rf.454999b17f860f46d7150da149557e62.jpg,0,50,210,277,360
IMG_2499_jpg.rf.622edbf11c2a1bc83505ad55c636a249.jpg,0,226,275,300,355
IMG_2499_jpg.rf.622edbf11c2a1bc83505ad55c636a249.jpg,0,168,182,212,224
20251028_170619_jpg.rf.9ef56bd26844acba1d2f418ca759e55a.jpg,0,61,262,280,385
IMG_2803_jpg.rf.b4015af0327a7ec39ef705c073b8be9e.jpg,0,0,81,119,250
IMG_2661_jpg.rf.0e6bd76faedf1f14c86ba5a9ddb7b72f.jpg,0,183,297,285,441
20251022_151314_jpg.rf.284ee426e216216db72902142d39d7d9.jpg,0,153,166,282,295
IMG_20251027_170237_jpg.rf.d9abc652f5fb28e584f992de9051e9d7.jpg,0,317,120,526,269
IMG_2226_jpg.rf.ea2f906e8d8db0d220ba1e6777ae6baa.jpg,0,262,196,409,350
IMG_2226_jpg.rf.ea2f906e8d8db0d220ba1e6777ae6baa.jpg,0,165,47,265,128
IMG_1698_jpg.rf.723abddc323f4c1bb541a9f50a2c910b.jpg,0,222,131,274,186
IMG_1303_jpg.rf.d6e94955120f6eba6ab51a99cc88820a.jpg,0,97,135,354,358
IMG_1777_jpg.rf.b6e0991544ef5eb837ac90dad1d6b1ec.jpg,0,158,47,259,129
IMG_2337_jpg.rf.370fd78286503c9c002fbf0a8e3c2fd5.jpg,0,179,250,315,401
IMG_5880_JPG.rf.6e22fc5351367fceb0bed9e75d0699c3.jpg,0,111,209,232,302
IMG_20251027_170141_jpg.rf.c0fcafffa55e1e15a597030d28387b0a.jpg,0,10,102,131,201
20251022_152908_jpg.rf.e19e6f1f326835b16187b910687435a3.jpg,0,136,86,377,363
20251027_172331_jpg.rf.cf701ec2a72d4c3f89d87a5a6e3f8a0e.jpg,0,129,234,341,555
IMG_1032_jpg.rf.0bbc2f3297ebf3d250f6fa290dcf58ee.jpg,0,121,219,300,338
IMG_2263_jpg.rf.61b4da4c4ca37d1cc59d1cbdd628d325.jpg,0,121,96,425,497
20251029_122120_jpg.rf.b196ed17122c53bbad083ce2b41054ff.jpg,0,197,285,428,412
IMG_20251024_161806_jpg.rf.cd8963863ab988d7ef992e6ca2c778fb.jpg,0,1,44,277,366
20251027_171754_jpg.rf.bf3092503464ae9dbd0f48992b22f986.jpg,0,171,141,314,371
IMG_20251028_162131_jpg.rf.c86a76329008198a143f6d5e556162dc.jpg,0,333,124,443,173
IMG_2608_jpg.rf.6945b8a3fb09315b7d094845b0374aa8.jpg,0,0,390,131,534
IMG_20251024_161532_jpg.rf.b75e238b34896afbab45cd6f5cf983d4.jpg,0,41,189,242,540
IMG_20251028_164233_jpg.rf.a38815d31789c219ce2ccf1803225012.jpg,0,201,132,248,166
IMG_2448_jpg.rf.c7aa057282eb5c462b2f85d7a4a5727c.jpg,0,197,244,335,353
20251029_124545_jpg.rf.83c2a7ef1cba19d704aed35892bed680.jpg,0,184,159,467,299
IMG_20251024_165003_jpg.rf.ace866e158fc8d22f452a6caa56abd30.jpg,0,67,0,200,128
20251027_164522_jpg.rf.db3cf1ba79591360cfa3f37a21b9a4d3.jpg,0,48,114,246,301
20251028_083339_jpg.rf.8211337105ba986b9d3442c4e60ac0de.jpg,0,95,145,407,378
IMG_1036_jpg.rf.cfe3e057212489a8aee5b62451483ecc.jpg,0,70,241,182,311
z7166658099124_c7a82fb3c7b44dc4f3e2699553ec1705_jpg.rf.0132facbb0e70638ac92e3d838725ff4.jpg,0,176,307,389,452
20251027_171559_jpg.rf.50a31fd05087431dbf223fc10ded7493.jpg,0,186,80,376,280
IMG_20251027_165203_jpg.rf.e3bc348a444c061b1b7fb6c405fc22f3.jpg,0,17,86,148,200
IMG_20251024_161342_jpg.rf.aa32d523f3378322fc5e4baaa288ce29.jpg,0,52,156,252,451
IMG_2371_jpg.rf.41e9c44ec3a134a611f6bc86e9755fba.jpg,0,101,170,168,226
IMG_2200_jpg.rf.b80e9f8645dfdb6e850455477aeefd54.jpg,0,169,167,370,394
IMG_20251024_165008_jpg.rf.fa46f02d2fc48bd04218833af34e743b.jpg,0,0,37,287,430
IMG_2227_jpg.rf.0b4f89c0dbc97edd1f4d47305930b03a.jpg,0,113,200,371,448
20251022_151446_jpg.rf.b7bd88081c4b99bbaa9b253daba3d34f.jpg,0,286,48,434,203
572501313_3066071063577329_216175481696497379_n_jpg.rf.0c613c34e5ba3e01bc80c399b251224e.jpg,0,52,162,613,455
20251027_172314_jpg.rf.87d9216927c44c921196ae80230af715.jpg,0,118,175,322,406
IMG_2650_jpg.rf.b273809e0f2bdbb1b29c473659e3f429.jpg,0,188,258,278,348
20251022_153105_jpg.rf.aa238e099dcf72bc01050040462d22dd.jpg,0,282,205,384,299
20251022_153105_jpg.rf.aa238e099dcf72bc01050040462d22dd.jpg,0,0,391,184,609
z7166665375243_b8898f055b171d8373b2fb340a1c7192_jpg.rf.fde5eb9e8e6840a0d916a7c20699c2df.jpg,0,74,269,415,545
IMG_2304_jpg.rf.06f39809159895cc5688125358ee1d8b.jpg,0,59,84,101,121
IMG_2304_jpg.rf.06f39809159895cc5688125358ee1d8b.jpg,0,120,90,162,133
IMG_1730_jpg.rf.6f1e3c71230b611c0be5a88b59d78422.jpg,0,94,141,401,404
IMG_1730_jpg.rf.6f1e3c71230b611c0be5a88b59d78422.jpg,0,104,1,351,155
572275663_1549843806188585_7898953615163285225_n_jpg.rf.c3c68206a63904cfaf49e1b14532ae10.jpg,0,90,93,521,413
IMG_2782_jpg.rf.796fe30f4d443be326f40b9fab8280c0.jpg,0,191,190,279,243
IMG_5822_JPG.rf.b991cf6136f0d32d79022b056676c861.jpg,0,168,137,270,212
20251027_164918_jpg.rf.0fc24203f2b2374de8fcb641c95d727d.jpg,0,123,141,319,420
IMG_2381_jpg.rf.46d2318d9b64ce80308324d597417eb3.jpg,0,156,215,219,266
IMG_2341_jpg.rf.8d8ab37b5935a8181a5e2b14c9a933fd.jpg,0,188,324,336,501
20251027_171738_jpg.rf.7d3f7ddcbe2a1802073b072fa25ed6b4.jpg,0,112,146,280,400
20251027_171738_jpg.rf.7d3f7ddcbe2a1802073b072fa25ed6b4.jpg,0,222,120,341,288
20251027_170610_jpg.rf.a13bb2ede610e8c8afb527f72fd0eea4.jpg,0,61,150,176,245
IMG_1774_jpg.rf.0bbf0191fa75449d361b64dc0a217487.jpg,0,191,140,297,230
IMG_2789_jpg.rf.bfff48088377847f26176e98563e2b29.jpg,0,97,167,169,212
IMG_20251028_163025_jpg.rf.b88d6d518376d77de0d21a57bb24d3f8.jpg,0,342,154,417,189
20251027_165159_jpg.rf.106e5b1d7be8853d69232fc4394bcddd.jpg,0,47,100,355,614
20251027_165132_jpg.rf.97bc52730b5f4fc823372635222fec93.jpg,0,145,24,435,511
IMG_5810_JPG.rf.861a9e962ac1cf39a4b7f29419ccef04.jpg,0,176,219,324,388
IMG_20251027_165718_jpg.rf.fbcdbd26c14a8b61096ce84ae88d6725.jpg,0,36,111,153,201
IMG_2320_jpg.rf.ea4888ac896cbaa0ddbbd343106e4abc.jpg,0,238,275,341,378
20251022_151712_jpg.rf.4948488662eb6b862d402b44b398484d.jpg,0,240,89,375,222
IMG_5854_JPG.rf.9edb21b026453234215c41d4aa92504b.jpg,0,128,161,296,274
20251028_170957_jpg.rf.692448f00dd4b9234e349b77a3b04c55.jpg,0,57,213,197,288
IMG_2580_jpg.rf.981487ce37f4b028205231e73b5af95a.jpg,0,98,127,147,172
IMG_2466_jpg.rf.bb8770d2b7c77eb07c910a4e70d241e9.jpg,0,198,216,261,276
IMG_2466_jpg.rf.bb8770d2b7c77eb07c910a4e70d241e9.jpg,0,264,173,308,216
IMG_2466_jpg.rf.bb8770d2b7c77eb07c910a4e70d241e9.jpg,0,184,157,224,196
IMG_2335_jpg.rf.507ecb4b68b113d045fadd020e16440f.jpg,0,189,165,308,303
20251022_151636_jpg.rf.b05eb62212f3cc046a398bc5a0ab6663.jpg,0,140,128,407,562
IMG_2349_jpg.rf.c6de4444bf538d2284eaf387de4d5826.jpg,0,29,241,174,407
IMG_2349_jpg.rf.c6de4444bf538d2284eaf387de4d5826.jpg,0,359,137,440,228
20251027_164746_jpg.rf.791b7640f640aad6fd3d8560a5453861.jpg,0,104,80,274,275
IMG_20251028_171216_jpg.rf.fb258214960b3eb5491177a037530642.jpg,0,213,31,307,91
IMG_2714_jpg.rf.c43576b0d4dea248849ee077b805b25e.jpg,0,196,252,297,388
IMG_1747_jpg.rf.132c8811a920d4f9f6007c18b7d6b8f9.jpg,0,131,212,287,322
IMG_5796_JPG.rf.c2a3aa73604d0baf843df7e41850499e.jpg,0,51,184,304,410
20251028_165757_jpg.rf.2d5fe34d403c1de88e1bcd169f7b8ad9.jpg,0,122,209,305,372
IMG_1697_jpg.rf.720e8bb3d5dcf0004358e1f11223bcad.jpg,0,102,206,363,462
20251022_151544_jpg.rf.7333703af583f9bde903f8c3acf32cdc.jpg,0,204,132,389,290
IMG_2237_jpg.rf.632bba6c0647b160bf6cfedbdb19194e.jpg,0,207,356,376,516
20251028_161218_jpg.rf.31d433b1b075fc6ed51095e50313a083.jpg,0,56,170,409,431
20251027_171932_jpg.rf.f8690dedcb8faca4e7522ec802bd3126.jpg,0,127,162,314,399
IMG_1709_jpg.rf.a842ec69e360f8945b4c260098205db0.jpg,0,176,114,375,346
IMG_1715_jpg.rf.a1b42217fa439958974c6178945cac7b.jpg,0,50,114,228,251
IMG_1785_jpg.rf.a37b2a050528743a0e89a5b6a43867d5.jpg,0,55,131,121,193
20251027_163135_jpg.rf.c52bd19ca9790d556fbe32b854797912.jpg,0,38,118,406,476
20251029_124229_jpg.rf.457e37df121a213085eb37e6e15f942e.jpg,0,39,46,337,205
20251029_125847_jpg.rf.5ebe02f99c402430b33dce4f6785e46d.jpg,0,94,49,479,324
IMG_1016_jpg.rf.b2ad2d09e9553f19bcb8131771849765.jpg,0,79,152,441,398
20251022_152856_jpg.rf.72dc75ea478a288b3ccb65cca18ebdfd.jpg,0,191,68,458,328
20251022_151905_jpg.rf.a1f4ed71b9ec6afa681ed9c009b2266b.jpg,0,93,181,341,540
20251027_171529_jpg.rf.237cc25bb731476790b91af562343125.jpg,0,172,179,282,312
20251022_151641_jpg.rf.673bbe70e78502b15e791effa572f58d.jpg,0,241,36,422,224
20251028_083259_jpg.rf.f75f1b387c22e75cb7649b0131e9c6f6.jpg,0,66,232,309,348
IMG_5861_JPG.rf.17307e1364e3e7705ed115fba98d9fb2.jpg,0,218,128,304,200
IMG_1296_jpg.rf.8ada181ac651d35cde5e67e83bd18234.jpg,0,74,189,332,377
IMG_2494_jpg.rf.b1654476d636e478ed5a539823b1e73a.jpg,0,241,301,356,441
IMG_2494_jpg.rf.b1654476d636e478ed5a539823b1e73a.jpg,0,92,317,227,432
20251028_165917_jpg.rf.3c1c8bd63ec491231d46e24e8277905a.jpg,0,156,129,321,227
IMG_5863_JPG.rf.804b123e9f126f3660a0cf4400d0fc1d.jpg,0,39,182,339,373
571338684_122178233312469353_5567726324220075410_n_jpg.rf.2fc5fbbf5ff5940e964204176188fc46.jpg,0,33,91,596,447
IMG_1306_jpg.rf.08f2dbd01705e1ce3d48d176d934e8a5.jpg,0,28,153,159,271
Screenshot-2025-10-24-145155_png.rf.63a7fb5273666f06d1c2ca659ffc03aa.jpg,0,55,60,591,435
IMG_5912_JPG.rf.bd794dcb6af5f82b948e65df2f91ea67.jpg,0,183,228,352,334
20251028_162256_jpg.rf.4dc9e40a830606ed85f60e88c972c11c.jpg,0,100,276,269,383
20251027_171117_jpg.rf.52efaa0593b85ed1309eddaf59c27831.jpg,0,159,108,277,229
IMG_2181_jpg.rf.291e6a7c9dd9af85e89fc5263e6079b4.jpg,0,294,304,424,464
IMG_20251024_162222_jpg.rf.08719696427e9d273b0a07518368f696.jpg,0,28,150,260,453
20251027_170648_jpg.rf.19d640842ca6bf4d29d46c044caf6e52.jpg,0,186,100,314,290
20251022_152854_jpg.rf.bd804d2a57bd134d698f87d85bab4bf6.jpg,0,157,119,345,388
20251022_152230_jpg.rf.a100d0f85c62abfb9aa2becfd4ab5e00.jpg,0,244,118,410,292
20251029_085721_jpg.rf.25bbbfc285aa3859c1e7f4623b0afe01.jpg,0,0,130,201,283
IMG_2184_jpg.rf.17925cfb245f8038501cd4078929c629.jpg,0,200,160,344,351
IMG_3336_jpg.rf.efdd7a4b0e49c12f22967d756e962012.jpg,0,110,267,279,386
573504480_2057295395024233_8738189660271233420_n_jpg.rf.d922ccfd33dddbd22b81d92c93ae477a.jpg,0,71,48,580,375
20251022_152035_jpg.rf.58dbd99ae19150c994d846b69858a2bd.jpg,0,196,210,362,406
20251029_122047_jpg.rf.d9016f8bedce55f5f1e7255cefc5ae90.jpg,0,151,256,312,361
z7166665705162_a4bc525bb52434147e2b0836030267c2_jpg.rf.883ef50f939d019747d79a5819ba9b23.jpg,0,53,294,466,529
20251029_123617_jpg.rf.9534f4488004a30c850cede493c13c99.jpg,0,146,256,238,314
IMG_2446_jpg.rf.d4ca0b765835a955278ef437309d2dac.jpg,0,68,318,205,497
20251027_170556_jpg.rf.9eeb454728f1eedd7bc7045303ec290b.jpg,0,78,84,216,191
20251022_151800_jpg.rf.a7f390ce78c22a8802a413966481a31c.jpg,0,86,112,393,501
20251029_090750_jpg.rf.34a030ff3a30248ae51b551cbc08242c.jpg,0,322,216,451,286
IMG_20251027_164745_jpg.rf.149d89f53ca6d981d0d8947fdc9ccee6.jpg,0,114,129,214,233
IMG_1724_jpg.rf.b70664d9369caad6831606ce3843d12d.jpg,0,166,64,244,177
20251022_151900_jpg.rf.ec6cf3601781e52c814d4c21737998c6.jpg,0,212,0,414,178
IMG_2439_jpg.rf.7a868edb90cb16e518ef5cb7fcbbbbc1.jpg,0,299,416,427,545
IMG_2439_jpg.rf.7a868edb90cb16e518ef5cb7fcbbbbc1.jpg,0,83,289,153,357
20251028_083523_jpg.rf.8be0476556f18671f35a79fc9438cd92.jpg,0,66,166,381,418
IMG_20251024_164533_jpg.rf.b0d750eef7f13a2df1d166c419405d75.jpg,0,17,44,162,188
20251027_170722_jpg.rf.081d7fd651f8e38852ceb824dba5712f.jpg,0,192,126,349,375
IMG_20251024_170826_jpg.rf.3823fb1d08c4a6744e8c75a27b082b58.jpg,0,20,219,226,429
20251029_124801_jpg.rf.2d6c196fc01258c6c736ec0ce71d7a2a.jpg,0,190,171,360,268
20251029_123902_jpg.rf.866cf7189d930b878743b9c2b4ce9d0e.jpg,0,135,149,408,349
IMG_20251024_162037_jpg.rf.ea6ab7665dd852ad8e5b850e6044ea6a.jpg,0,57,122,260,428
20251029_122123_jpg.rf.cb37300f7095213267461a14a161d98e.jpg,0,176,267,328,337
IMG_2249_jpg.rf.dc451388acdee982b1f4ff0f9fc8fe87.jpg,0,164,275,342,464
IMG_2531_jpg.rf.ea8e55ca5f8c89b50ee1da297be5f78b.jpg,0,174,229,251,319
IMG_1716_jpg.rf.acbb08ef19a42b17aca7982a2128db75.jpg,0,0,0,174,147
IMG_1716_jpg.rf.acbb08ef19a42b17aca7982a2128db75.jpg,0,124,81,320,296
IMG_20251027_165558_jpg.rf.71153e5d6f2d3145554d57e17d5e814b.jpg,0,151,66,271,157
IMG_20251027_165558_jpg.rf.71153e5d6f2d3145554d57e17d5e814b.jpg,0,81,120,228,235
IMG_5829_JPG.rf.c95c88739cfa617a5cde72993783333a.jpg,0,188,223,311,330
IMG_5829_JPG.rf.c95c88739cfa617a5cde72993783333a.jpg,0,341,236,479,372
IMG_2375_jpg.rf.fc03442ff10e20fcde09ae5b064cccd8.jpg,0,122,294,229,402
IMG_2375_jpg.rf.fc03442ff10e20fcde09ae5b064cccd8.jpg,0,128,220,206,287
IMG_2375_jpg.rf.fc03442ff10e20fcde09ae5b064cccd8.jpg,0,44,179,100,224
IMG_0819_jpg.rf.ce64d07f8dfaa11e61c271c38c2968f1.jpg,0,129,229,269,322
IMG_20251027_165942_jpg.rf.72a9dbf647e7ab1f7d487cc8a02cf7d6.jpg,0,0,130,123,239
IMG_2277_jpg.rf.0ac25520dcfea8d314d067e27be3380e.jpg,0,130,201,384,489
20251029_125623_jpg.rf.dcab51033b2a930ebb77ba9dd30156bf.jpg,0,167,88,367,216
z7166657248475_887539ca737c6c1dbbb894eb8562db02_jpg.rf.eb6e6f7e9a38bdb013cfab4953bbe413.jpg,0,79,275,440,531
20251029_125913_jpg.rf.67d6b238bd1f83db487f48d52266db58.jpg,0,69,62,477,346
IMG_1773_jpg.rf.2333f18416daa88698ad8cf4c8ade93c.jpg,0,152,114,274,223
IMG_5834_JPG.rf.426d06137f9751d2a7cf65fbebfdfe96.jpg,0,118,251,198,314
IMG_2269_jpg.rf.3596bd195e4b5769915243f7c51212c2.jpg,0,94,216,469,492
z7166655796308_a0a8a88da48ae44fc7f8d2f85d8e8646_jpg.rf.fb309abfd84d1d49f512c31492cfb1a9.jpg,0,71,212,562,480
IMG_2420_jpg.rf.7d962d75d9ef494792626abd2e633875.jpg,0,225,364,288,419
IMG_2683_jpg.rf.7e980fd2bcdcfcf9e207eb0c5523badc.jpg,0,148,330,256,421
20251027_171955_jpg.rf.d8a2db47fc200f98da874bddf89ccc89.jpg,0,162,168,317,408
IMG_2333_jpg.rf.d8be8120a6e31d3987b3be93ef9626af.jpg,0,109,276,201,385
IMG_2485_jpg.rf.4b6bc41e60d871d65fc1f95a8c8a8da9.jpg,0,142,209,252,304
IMG_20251028_163548_jpg.rf.045356052242aa651a735cefdc6712c7.jpg,0,172,252,203,276
IMG_2244_jpg.rf.181cd6867159f47d4bab64e60641fa61.jpg,0,167,214,363,459
IMG_2676_jpg.rf.94fae819f0c1ee1f7fabd42ee2809bf9.jpg,0,155,315,299,472
IMG_20251027_170238_jpg.rf.f224a3aadf3cbff2c7484cc5e0e0d871.jpg,0,325,127,554,287
20251029_090419_jpg.rf.50d91fc21d7a16b6e14dde3f9c795101.jpg,0,148,228,256,293
Screenshot-2025-10-24-144850_png.rf.dc8ef5f77ce4921032dfcfa373f32af1.jpg,0,18,38,398,595
IMG_2441_jpg.rf.f53c09c107a165206bdb27cf431ec850.jpg,0,95,214,215,335
IMG_2441_jpg.rf.f53c09c107a165206bdb27cf431ec850.jpg,0,97,105,166,174
IMG_1297_jpg.rf.67ea7ce44013c9ddc0c0cce18945c777.jpg,0,67,164,324,363
IMG_20251028_163312_jpg.rf.d8f5cd605be23f2682cfd3581366fd6c.jpg,0,190,136,275,184
IMG_2728_jpg.rf.5fe1da9a1afbf95c94406d56326b769b.jpg,0,216,336,323,445
IMG_2252_jpg.rf.12b7a2c6863ffb9858c8c838b958adaf.jpg,0,183,97,432,338
20251029_090323_jpg.rf.e2013629e96fd5c1967737923d699ee2.jpg,0,65,204,279,321
IMG_2735_jpg.rf.c1f03653f40a1b11b187dd430e453c3d.jpg,0,182,114,262,199
IMG_1765_jpg.rf.3f6323949a17acd5c09ff87d4ee33c5a.jpg,0,140,65,199,136
z7166657872314_be6b818769544d122bd8cb291ed56ac7_jpg.rf.3fc06883e1ce35ba6120e0af2afa8dfb.jpg,0,56,293,480,544
IMG_5872_JPG.rf.5d6ffa3a51cbc383f5e14d273f7e1d8c.jpg,0,138,152,229,253
20251029_124506_jpg.rf.702d7aaa3037a7334620020dbb3cb694.jpg,0,197,69,502,225
20251029_124159_jpg.rf.437935e07cd171db5461e73224d3d332.jpg,0,59,5,369,360
IMG_1704_jpg.rf.b715cf356401a7f0858a6fc1b4ec3b75.jpg,0,202,131,399,319
20251029_124101_jpg.rf.8c29d5d934f7e47dab2559cd18769970.jpg,0,43,63,594,392
IMG_1744_jpg.rf.3088a22ded904d40a65d7295d7b6451a.jpg,0,44,182,208,283
IMG_2405_jpg.rf.1b38258fe68ffcaa6c41fab207e165b5.jpg,0,171,389,317,513
IMG_5833_JPG.rf.b7d77e1eb2741a11e9262ee5dd7ec021.jpg,0,136,268,196,317
20251027_170233_jpg.rf.3c513ff507e91f79934ee300ec1eb689.jpg,0,155,148,382,285
IMG_5851_JPG.rf.7753a9527fc9dab95c2edf00d4ca1601.jpg,0,321,184,369,223
IMG_2536_jpg.rf.02722b6274596b8a39de69fd15ea94a6.jpg,0,190,295,257,376
20251027_170138_jpg.rf.83a13573751b4273519e4ddc1d0c05ba.jpg,0,197,130,411,306
20251027_170138_jpg.rf.83a13573751b4273519e4ddc1d0c05ba.jpg,0,87,83,213,194
20251022_151904_jpg.rf.408b3d3035f05bb6db56f1079dec7a37.jpg,0,198,0,357,174
571751084_24243716708635949_645552372111173034_n_jpg.rf.a6aa8e554773f9bf5fc400af32c37a7c.jpg,0,59,132,582,425
20251027_170557_jpg.rf.2469fdc4c9326f9803d4c4b2384662a1.jpg,0,127,99,289,229
20251022_151448_jpg.rf.347720e0feefda4c3332236dfd8ac9ac.jpg,0,165,169,432,468
20251027_164844-0-_jpg.rf.1e54e285332e0d8a823911ceda1dc1fe.jpg,0,163,124,402,507
IMG_2432_jpg.rf.66e5ca2fa920770ceac8ad6d85f3ebef.jpg,0,140,240,292,461
IMG_2369_jpg.rf.03dd36cd3d044e1ab15bd7a8dd0513f8.jpg,0,251,284,322,351
IMG_2369_jpg.rf.03dd36cd3d044e1ab15bd7a8dd0513f8.jpg,0,172,275,226,329
IMG_20251024_170844_jpg.rf.7cd334d706c046d592d4c048e0bbc47c.jpg,0,36,129,279,420
20251029_124447_jpg.rf.59ab2a155fed856acfa8c8342d73e709.jpg,0,0,87,289,259
20251027_165622_jpg.rf.8b6705e132f913ce7248b0c0094bf5a2.jpg,0,165,120,390,265
IMG_2233_jpg.rf.9f13dbadfd860f563f6841dd718d287b.jpg,0,182,172,410,430
571339432_2057295351690904_1502817524558799456_n_jpg.rf.d1a09d3fac778da60c5a123a6eb7b391.jpg,0,85,108,573,430
20251029_124143_jpg.rf.2ebc388f60f02d842d3f3f1444a99e85.jpg,0,176,194,438,388
IMG_2486_jpg.rf.b3eaf31f7b0120f8f13cba1482e8c020.jpg,0,206,212,295,337
IMG_20251027_170151_jpg.rf.5d3fa1d767a2e9ee9d8e42a754d21d21.jpg,0,63,84,187,173
IMG_1766_jpg.rf.a75a7c7d255d89c113b97c3c6803183a.jpg,0,247,91,327,182
20251022_152510_jpg.rf.1dbcbb81fdea1ddef067d3cf685ad7dd.jpg,0,264,96,458,251
IMG_5875_JPG.rf.bd8a349d07ed41fc37e428b06049c0d1.jpg,0,61,217,154,277
IMG_5875_JPG.rf.bd8a349d07ed41fc37e428b06049c0d1.jpg,0,142,217,213,271
IMG_2626_jpg.rf.81ed69188ca6f0142222f9b525511be5.jpg,0,273,138,304,167
20251022_151555_jpg.rf.29028d596e0866244e9cefa23aca6f9f.jpg,0,140,151,450,428
IMG_2558_jpg.rf.a7d7accd84023ed354c3573afc9acffd.jpg,0,130,233,185,281
IMG_5792_JPG.rf.a1a0329789c468786fd764c4f5435667.jpg,0,112,133,401,385
z7166662723962_2988cc2a866fa92800879680553ae8d0_jpg.rf.e34ec68c57cf3c60222e5ee3ad1ea2fa.jpg,0,165,364,272,442
20251022_153136_jpg.rf.f4a2c427f060149a440c71eb63269f27.jpg,0,197,93,362,313
z7166665409511_779799b1827735e78bf16dbbc30ece4d_jpg.rf.4e0a5d6e42a463911e92ce16ee5ea454.jpg,0,0,262,396,545
20251027_171648_jpg.rf.66a132c9141e64a6ebb06be9882263d6.jpg,0,194,272,323,416
20251027_171648_jpg.rf.66a132c9141e64a6ebb06be9882263d6.jpg,0,250,176,339,263
20251029_124611_jpg.rf.3a122c8c9e5698eed284feac975efa82.jpg,0,48,118,283,238
IMG_20251024_162652_jpg.rf.d8555f63788dfca645c81c8159a7e53a.jpg,0,22,96,248,377
IMG_1005_jpg.rf.13f467f85e5ac4d43d1f991181e6c684.jpg,0,190,263,329,382
IMG_2501_jpg.rf.43f5be60e27fb88a34be35a51b52f8ca.jpg,0,114,343,225,461
IMG_2501_jpg.rf.43f5be60e27fb88a34be35a51b52f8ca.jpg,0,225,244,285,307
IMG_2609_jpg.rf.ebfd00496321de73365fe1e9c65c4965.jpg,0,196,179,246,227
IMG_2605_jpg.rf.989dd477b861018349a81f9c4df25df7.jpg,0,126,292,242,386
20251028_163253_jpg.rf.30497a35087fb6f23a60e10596a350b9.jpg,0,86,167,313,292
IMG_5862_JPG.rf.ada93454dd5386599e8a0b499b18fddc.jpg,0,103,174,421,375
20251029_124758_jpg.rf.1c8aa44b6bd63556bb90fc387b01f5a6.jpg,0,161,168,315,251
20251029_124758_jpg.rf.1c8aa44b6bd63556bb90fc387b01f5a6.jpg,0,52,178,140,232
IMG_2409_jpg.rf.4e95321cd9c925e1a989707b0283b1a6.jpg,0,175,355,241,418
IMG_5817_JPG.rf.4cca39ec673f86df6497a170425d45e1.jpg,0,207,255,391,393
IMG_5817_JPG.rf.4cca39ec673f86df6497a170425d45e1.jpg,0,258,185,353,256
IMG_2464_jpg.rf.3b3d60a770e28060c874b5133cbdcdac.jpg,0,123,247,197,335
IMG_2464_jpg.rf.3b3d60a770e28060c874b5133cbdcdac.jpg,0,309,246,392,343
IMG_2464_jpg.rf.3b3d60a770e28060c874b5133cbdcdac.jpg,0,236,186,290,246
20251022_152154_jpg.rf.a516f4df8aaf237ed891d4f67ab1d690.jpg,0,178,164,396,332
IMG_2465_jpg.rf.39f04f61fd5dda0bbe0f3c3e486747df.jpg,0,259,366,390,512
IMG_2465_jpg.rf.39f04f61fd5dda0bbe0f3c3e486747df.jpg,0,110,281,202,376
IMG_5864_JPG.rf.375161635cc7f87e4d3ee8bd0385bd80.jpg,0,59,139,378,343
IMG_2587_jpg.rf.329c99ac47ad2b2dc0736e93debd60bf.jpg,0,186,207,253,293
20251027_171740_jpg.rf.0ec4005971ec63bf9d0b376465c7c04a.jpg,0,125,147,319,433
20251028_170623_jpg.rf.ce395b22e951681310e71c7d9e50d779.jpg,0,206,256,415,370
20251027_165558_jpg.rf.88461ead12f81c2a42bcad5807e84938.jpg,0,157,90,282,194
IMG_2724_jpg.rf.bfcc12951e5269fb8e05613d19da39f7.jpg,0,115,228,183,301
20251027_165423_jpg.rf.244d78bfd10917e39bdf7777d60afe8e.jpg,0,76,84,306,241
IMG_2529_jpg.rf.4153a3fc4889e7a1d473db3b6d9fcf6b.jpg,0,208,182,316,358
IMG_2355_jpg.rf.88e93ff50d376152076bb8f7dd914c86.jpg,0,149,238,294,374
IMG_20251024_160912_jpg.rf.d2a02c34eb3b5dc1d4d2ab63f0a42560.jpg,0,52,47,248,306
IMG_5849_JPG.rf.913f1761ceda39ff2607872838228f70.jpg,0,116,175,250,264
IMG_5849_JPG.rf.913f1761ceda39ff2607872838228f70.jpg,0,283,186,364,252
IMG_20251024_164921_jpg.rf.1c8af9c5100daf5868283f1b9c375690.jpg,0,44,73,241,360
20251028_162126_jpg.rf.231cb6e18f3db27ce67541c070a3f725.jpg,0,152,274,295,348
1653156av651f51351s-31vd351g35s21-s321f_jpg.rf.65f06870c2f6b43c07a92ff7862195f0.jpg,0,172,47,502,371
20251027_170649_jpg.rf.a604ee058657f2fb0f2bd1b8701790a4.jpg,0,186,138,328,346
IMG_2442_jpg.rf.f220e8a4a1780dcbcee8f8de28049160.jpg,0,166,191,204,225
IMG_2442_jpg.rf.f220e8a4a1780dcbcee8f8de28049160.jpg,0,149,222,199,271
IMG_2442_jpg.rf.f220e8a4a1780dcbcee8f8de28049160.jpg,0,319,169,348,194
IMG_2442_jpg.rf.f220e8a4a1780dcbcee8f8de28049160.jpg,0,346,188,391,228
IMG_5826_JPG.rf.3b7cf7bc4187f287022ef0cafaa67973.jpg,0,234,225,373,335
20251029_125639_jpg.rf.1b1d600872ccf7d225715afba56178da.jpg,0,177,131,370,239
IMG_2391_jpg.rf.f2d9b733a5a1920157fe254f032d279c.jpg,0,219,248,296,332
IMG_2270_jpg.rf.7ca2522d90c7b2d6da88a99ee6c6d4ee.jpg,0,117,306,402,546
Screenshot-2025-10-24-145223_png.rf.4517682f08ed939882bb27148e127b47.jpg,0,93,58,529,553
20251027_170611-0-_jpg.rf.aac4701ebd2e1a1d51c4ad67c22dd99f.jpg,0,123,128,279,243
IMG_1775_jpg.rf.f69d2df500313dc4b3afa9d4ceff43b6.jpg,0,114,96,213,177
20251027_170654_jpg.rf.1f6679b9f8b6c4b85120787b567ee6ca.jpg,0,186,159,385,465
IMG_2314_jpg.rf.8c082d4b8da7cc1d039c15cd6c86ab86.jpg,0,149,184,255,309
IMG_2314_jpg.rf.8c082d4b8da7cc1d039c15cd6c86ab86.jpg,0,87,84,148,144
20251027_164806_jpg.rf.667bd666e7d486d2e6d9762b21fb3525.jpg,0,139,128,320,359
20251027_171756_jpg.rf.5450d6ac3c408e09da1ca10c79724570.jpg,0,193,191,329,408
IMG_2671_jpg.rf.ae20ff683fcc353480fddb4e1b329092.jpg,0,204,174,277,273
IMG_2513_jpg.rf.9874c3804d063265afc49134dde1edd8.jpg,0,168,207,268,284
IMG_3047_jpg.rf.6e4a42ba23f2a40c207404dbd8177223.jpg,0,265,254,410,322
IMG_1756_jpg.rf.4fc2966230a57182651e28b58d41e0ac.jpg,0,223,135,268,188
IMG_20251024_163957_jpg.rf.e8146c19b8ba7142ec2a02b4e3283d1c.jpg,0,42,145,259,425
IMG_1682_jpg.rf.642d23d8ef90ea22fca5ac3308ea0807.jpg,0,247,175,363,338
IMG_1682_jpg.rf.642d23d8ef90ea22fca5ac3308ea0807.jpg,0,230,0,286,61
20251028_164438_jpg.rf.7aac22d8f67a9fecb0cadac28592aa2a.jpg,0,143,278,236,387
IMG_2397_jpg.rf.c6e0d3f677ae2ec578c607f1c43dcbaa.jpg,0,177,185,259,281
20251029_090723_jpg.rf.517f0d62a8b26f39d386b4feb029b508.jpg,0,211,276,344,353
IMG_2411_jpg.rf.2f8842fcc94376cc690fc66de441c468.jpg,0,250,279,297,325
IMG_1705_jpg.rf.d5d56304680e07b84ff1fd60407e4acf.jpg,0,212,165,387,332
